abound,0
abounds,0
abundance,0
abundant,0
accessable,0
accessible,0
acclaim,0
acclaimed,0
acclamation,0
accolade,0
accolades,0
accommodative,0
accomodative,0
accomplish,0
accomplished,0
accomplishment,0
accomplishments,0
accurate,0
accurately,0
achievable,0
achievement,0
achievements,0
achievible,0
acumen,0
adaptable,0
adaptive,0
adequate,0
adjustable,0
admirable,0
admirably,0
admiration,0
admire,0
admirer,0
admiring,0
admiringly,0
adorable,0
adore,0
adored,0
adorer,0
adoring,0
adoringly,0
adroit,0
adroitly,0
adulate,0
adulation,0
adulatory,0
advanced,0
advantage,0
advantageous,0
advantageously,0
advantages,0
adventuresome,0
adventurous,0
advocate,0
advocated,0
advocates,0
affability,0
affable,0
affably,0
affectation,0
affection,0
affectionate,0
affinity,0
affirm,0
affirmation,0
affirmative,0
affluence,0
affluent,0
afford,0
affordable,0
affordably,0
afordable,0
agile,0
agilely,0
agility,0
agreeable,0
agreeableness,0
agreeably,0
all-around,0
alluring,0
alluringly,0
altruistic,0
altruistically,0
amaze,0
amazed,0
amazement,0
amazes,0
amazing,0
amazingly,0
ambitious,0
ambitiously,0
ameliorate,0
amenable,0
amenity,0
amiability,0
amiabily,0
amiable,0
amicability,0
amicable,0
amicably,0
amity,0
ample,0
amply,0
amuse,0
amusing,0
amusingly,0
angel,0
angelic,0
apotheosis,0
appeal,0
appealing,0
applaud,0
appreciable,0
appreciate,0
appreciated,0
appreciates,0
appreciative,0
appreciatively,0
appropriate,0
approval,0
approve,0
ardent,0
ardently,0
ardor,0
articulate,0
aspiration,0
aspirations,0
aspire,0
assurance,0
assurances,0
assure,0
assuredly,0
assuring,0
astonish,0
astonished,0
astonishing,0
astonishingly,0
astonishment,0
astound,0
astounded,0
astounding,0
astoundingly,0
astutely,0
attentive,0
attraction,0
attractive,0
attractively,0
attune,0
audible,0
audibly,0
auspicious,0
authentic,0
authoritative,0
autonomous,0
available,0
aver,0
avid,0
avidly,0
award,0
awarded,0
awards,0
awe,0
awed,0
awesome,0
awesomely,0
awesomeness,0
awestruck,0
awsome,0
backbone,0
balanced,0
bargain,0
beauteous,0
beautiful,0
beautifullly,0
beautifully,0
beautify,0
beauty,0
beckon,0
beckoned,0
beckoning,0
beckons,0
believable,0
believeable,0
beloved,0
benefactor,0
beneficent,0
beneficial,0
beneficially,0
beneficiary,0
benefit,0
benefits,0
benevolence,0
benevolent,0
benifits,0
best,0
best-known,0
best-performing,0
best-selling,0
better,0
better-known,0
better-than-expected,0
beutifully,0
blameless,0
bless,0
blessing,0
bliss,0
blissful,0
blissfully,0
blithe,0
blockbuster,0
bloom,0
blossom,0
bolster,0
bonny,0
bonus,0
bonuses,0
boom,0
booming,0
boost,0
boundless,0
bountiful,0
brainiest,0
brainy,0
brand-new,0
brave,0
bravery,0
bravo,0
breakthrough,0
breakthroughs,0
breathlessness,0
breathtaking,0
breathtakingly,0
breeze,0
bright,0
brighten,0
brighter,0
brightest,0
brilliance,0
brilliances,0
brilliant,0
brilliantly,0
brisk,0
brotherly,0
bullish,0
buoyant,0
cajole,0
calm,0
calming,0
calmness,0
capability,0
capable,0
capably,0
captivate,0
captivating,0
carefree,0
cashback,0
cashbacks,0
catchy,0
celebrate,0
celebrated,0
celebration,0
celebratory,0
champ,0
champion,0
charisma,0
charismatic,0
charitable,0
charm,0
charming,0
charmingly,0
chaste,0
cheaper,0
cheapest,0
cheer,0
cheerful,0
cheery,0
cherish,0
cherished,0
cherub,0
chic,0
chivalrous,0
chivalry,0
civility,0
civilize,0
clarity,0
classic,0
classy,0
clean,0
cleaner,0
cleanest,0
cleanliness,0
cleanly,0
clear,0
clear-cut,0
cleared,0
clearer,0
clearly,0
clears,0
clever,0
cleverly,0
cohere,0
coherence,0
coherent,0
cohesive,0
colorful,0
comely,0
comfort,0
comfortable,0
comfortably,0
comforting,0
comfy,0
commend,0
commendable,0
commendably,0
commitment,0
commodious,0
compact,0
compactly,0
compassion,0
compassionate,0
compatible,0
competitive,0
complement,0
complementary,0
complemented,0
complements,0
compliant,0
compliment,0
complimentary,0
comprehensive,0
conciliate,0
conciliatory,0
concise,0
confidence,0
confident,0
congenial,0
congratulate,0
congratulation,0
congratulations,0
congratulatory,0
conscientious,0
considerate,0
consistent,0
consistently,0
constructive,0
consummate,0
contentment,0
continuity,0
contrasty,0
contribution,0
convenience,0
convenient,0
conveniently,0
convience,0
convienient,0
convient,0
convincing,0
convincingly,0
cool,0
coolest,0
cooperative,0
cooperatively,0
cornerstone,0
correct,0
correctly,0
cost-effective,0
cost-saving,0
counter-attack,0
counter-attacks,0
courage,0
courageous,0
courageously,0
courageousness,0
courteous,0
courtly,0
covenant,0
cozy,0
creative,0
credence,0
credible,0
crisp,0
crisper,0
cure,0
cure-all,0
cushy,0
cute,0
cuteness,0
danke,0
danken,0
daring,0
daringly,0
darling,0
dashing,0
dauntless,0
dawn,0
dazzle,0
dazzled,0
dazzling,0
dead-cheap,0
dead-on,0
decency,0
decent,0
decisive,0
decisiveness,0
dedicated,0
defeat,0
defeated,0
defeating,0
defeats,0
defender,0
deference,0
deft,0
deginified,0
delectable,0
delicacy,0
delicate,0
delicious,0
delight,0
delighted,0
delightful,0
delightfully,0
delightfulness,0
dependable,0
dependably,0
deservedly,0
deserving,0
desirable,0
desiring,0
desirous,0
destiny,0
detachable,0
devout,0
dexterous,0
dexterously,0
dextrous,0
dignified,0
dignify,0
dignity,0
diligence,0
diligent,0
diligently,0
diplomatic,0
dirt-cheap,0
distinction,0
distinctive,0
distinguished,0
diversified,0
divine,0
divinely,0
dominate,0
dominated,0
dominates,0
dote,0
dotingly,0
doubtless,0
dreamland,0
dumbfounded,0
dumbfounding,0
dummy-proof,0
durable,0
dynamic,0
eager,0
eagerly,0
eagerness,0
earnest,0
earnestly,0
earnestness,0
ease,0
eased,0
eases,0
easier,0
easiest,0
easiness,0
easing,0
easy,0
easy-to-use,0
easygoing,0
ebullience,0
ebullient,0
ebulliently,0
ecenomical,0
economical,0
ecstasies,0
ecstasy,0
ecstatic,0
ecstatically,0
edify,0
educated,0
effective,0
effectively,0
effectiveness,0
effectual,0
efficacious,0
efficient,0
efficiently,0
effortless,0
effortlessly,0
effusion,0
effusive,0
effusively,0
effusiveness,0
elan,0
elate,0
elated,0
elatedly,0
elation,0
electrify,0
elegance,0
elegant,0
elegantly,0
elevate,0
elite,0
eloquence,0
eloquent,0
eloquently,0
embolden,0
eminence,0
eminent,0
empathize,0
empathy,0
empower,0
empowerment,0
enchant,0
enchanted,0
enchanting,0
enchantingly,0
encourage,0
encouragement,0
encouraging,0
encouragingly,0
endear,0
endearing,0
endorse,0
endorsed,0
endorsement,0
endorses,0
endorsing,0
energetic,0
energize,0
energy-efficient,0
energy-saving,0
engaging,0
engrossing,0
enhance,0
enhanced,0
enhancement,0
enhances,0
enjoy,0
enjoyable,0
enjoyably,0
enjoyed,0
enjoying,0
enjoyment,0
enjoys,0
enlighten,0
enlightenment,0
enliven,0
ennoble,0
enough,0
enrapt,0
enrapture,0
enraptured,0
enrich,0
enrichment,0
enterprising,0
entertain,0
entertaining,0
entertains,0
enthral,0
enthrall,0
enthralled,0
enthuse,0
enthusiasm,0
enthusiast,0
enthusiastic,0
enthusiastically,0
entice,0
enticed,0
enticing,0
enticingly,0
entranced,0
entrancing,0
entrust,0
enviable,0
enviably,0
envious,0
enviously,0
enviousness,0
envy,0
equitable,0
ergonomical,0
err-free,0
erudite,0
ethical,0
eulogize,0
euphoria,0
euphoric,0
euphorically,0
evaluative,0
evenly,0
eventful,0
everlasting,0
evocative,0
exalt,0
exaltation,0
exalted,0
exaltedly,0
exalting,0
exaltingly,0
examplar,0
examplary,0
excallent,0
exceed,0
exceeded,0
exceeding,0
exceedingly,0
exceeds,0
excel,0
exceled,0
excelent,0
excellant,0
excelled,0
excellence,0
excellency,0
excellent,0
excellently,0
excels,0
exceptional,0
exceptionally,0
excite,0
excited,0
excitedly,0
excitedness,0
excitement,0
excites,0
exciting,0
excitingly,0
exellent,0
exemplar,0
exemplary,0
exhilarate,0
exhilarating,0
exhilaratingly,0
exhilaration,0
exonerate,0
expansive,0
expeditiously,0
expertly,0
exquisite,0
exquisitely,0
extol,0
extoll,0
extraordinarily,0
extraordinary,0
exuberance,0
exuberant,0
exuberantly,0
exult,0
exultant,0
exultation,0
exultingly,0
eye-catch,0
eye-catching,0
eyecatch,0
eyecatching,0
fabulous,0
fabulously,0
facilitate,0
fair,0
fairly,0
fairness,0
faith,0
faithful,0
faithfully,0
faithfulness,0
fame,0
famed,0
famous,0
famously,0
fancier,0
fancinating,0
fancy,0
fanfare,0
fans,0
fantastic,0
fantastically,0
fascinate,0
fascinating,0
fascinatingly,0
fascination,0
fashionable,0
fashionably,0
fast,0
fast-growing,0
fast-paced,0
faster,0
fastest,0
fastest-growing,0
faultless,0
fav,0
fave,0
favor,0
favorable,0
favored,0
favorite,0
favorited,0
favour,0
fearless,0
fearlessly,0
feasible,0
feasibly,0
feat,0
feature-rich,0
fecilitous,0
feisty,0
felicitate,0
felicitous,0
felicity,0
fertile,0
fervent,0
fervently,0
fervid,0
fervidly,0
fervor,0
festive,0
fidelity,0
fiery,0
fine,0
fine-looking,0
finely,0
finer,0
finest,0
firmer,0
first-class,0
first-in-class,0
first-rate,0
flashy,0
flatter,0
flattering,0
flatteringly,0
flawless,0
flawlessly,0
flexibility,0
flexible,0
flourish,0
flourishing,0
fluent,0
flutter,0
fond,0
fondly,0
fondness,0
foolproof,0
foremost,0
foresight,0
formidable,0
fortitude,0
fortuitous,0
fortuitously,0
fortunate,0
fortunately,0
fortune,0
fragrant,0
free,0
freed,0
freedom,0
freedoms,0
fresh,0
fresher,0
freshest,0
friendliness,0
friendly,0
frolic,0
frugal,0
fruitful,0
ftw,0
fulfillment,0
fun,0
futurestic,0
futuristic,0
gaiety,0
gaily,0
gain,0
gained,0
gainful,0
gainfully,0
gaining,0
gains,0
gallant,0
gallantly,0
galore,0
geekier,0
geeky,0
gem,0
gems,0
generosity,0
generous,0
generously,0
genial,0
genius,0
gentle,0
gentlest,0
genuine,0
gifted,0
glad,0
gladden,0
gladly,0
gladness,0
glamorous,0
glee,0
gleeful,0
gleefully,0
glimmer,0
glimmering,0
glisten,0
glistening,0
glitter,0
glitz,0
glorify,0
glorious,0
gloriously,0
glory,0
glow,0
glowing,0
glowingly,0
god-given,0
god-send,0
godlike,0
godsend,0
gold,0
golden,0
good,0
goodly,0
goodness,0
goodwill,0
goood,0
gooood,0
gorgeous,0
gorgeously,0
grace,0
graceful,0
gracefully,0
gracious,0
graciously,0
graciousness,0
grand,0
grandeur,0
grateful,0
gratefully,0
gratification,0
gratified,0
gratifies,0
gratify,0
gratifying,0
gratifyingly,0
gratitude,0
great,0
greatest,0
greatness,0
grin,0
groundbreaking,0
guarantee,0
guidance,0
guiltless,0
gumption,0
gush,0
gusto,0
gutsy,0
hail,0
halcyon,0
hale,0
hallmark,0
hallmarks,0
hallowed,0
handier,0
handily,0
hands-down,0
handsome,0
handsomely,0
handy,0
happier,0
happily,0
happiness,0
happy,0
hard-working,0
hardier,0
hardy,0
harmless,0
harmonious,0
harmoniously,0
harmonize,0
harmony,0
headway,0
heal,0
healthful,0
healthy,0
hearten,0
heartening,0
heartfelt,0
heartily,0
heartwarming,0
heaven,0
heavenly,0
helped,0
helpful,0
helping,0
hero,0
heroic,0
heroically,0
heroine,0
heroize,0
heros,0
high-quality,0
high-spirited,0
hilarious,0
holy,0
homage,0
honest,0
honesty,0
honor,0
honorable,0
honored,0
honoring,0
hooray,0
hopeful,0
hospitable,0
hot,0
hotcake,0
hotcakes,0
hottest,0
hug,0
humane,0
humble,0
humility,0
humor,0
humorous,0
humorously,0
humour,0
humourous,0
ideal,0
idealize,0
ideally,0
idol,0
idolize,0
idolized,0
idyllic,0
illuminate,0
illuminati,0
illuminating,0
illumine,0
illustrious,0
ilu,0
imaculate,0
imaginative,0
immaculate,0
immaculately,0
immense,0
impartial,0
impartiality,0
impartially,0
impassioned,0
impeccable,0
impeccably,0
important,0
impress,0
impressed,0
impresses,0
impressive,0
impressively,0
impressiveness,0
improve,0
improved,0
improvement,0
improvements,0
improves,0
improving,0
incredible,0
incredibly,0
indebted,0
individualized,0
indulgence,0
indulgent,0
industrious,0
inestimable,0
inestimably,0
inexpensive,0
infallibility,0
infallible,0
infallibly,0
influential,0
ingenious,0
ingeniously,0
ingenuity,0
ingenuous,0
ingenuously,0
innocuous,0
innovation,0
innovative,0
inpressed,0
insightful,0
insightfully,0
inspiration,0
inspirational,0
inspire,0
inspiring,0
instantly,0
instructive,0
instrumental,0
integral,0
integrated,0
intelligence,0
intelligent,0
intelligible,0
interesting,0
interests,0
intimacy,0
intimate,0
intricate,0
intrigue,0
intriguing,0
intriguingly,0
intuitive,0
invaluable,0
invaluablely,0
inventive,0
invigorate,0
invigorating,0
invincibility,0
invincible,0
inviolable,0
inviolate,0
invulnerable,0
irreplaceable,0
irreproachable,0
irresistible,0
irresistibly,0
issue-free,0
jaw-droping,0
jaw-dropping,0
jollify,0
jolly,0
jovial,0
joy,0
joyful,0
joyfully,0
joyous,0
joyously,0
jubilant,0
jubilantly,0
jubilate,0
jubilation,0
jubiliant,0
judicious,0
justly,0
keen,0
keenly,0
keenness,0
kid-friendly,0
kindliness,0
kindly,0
kindness,0
knowledgeable,0
kudos,0
large-capacity,0
laud,0
laudable,0
laudably,0
lavish,0
lavishly,0
law-abiding,0
lawful,0
lawfully,0
lead,0
leading,0
leads,0
lean,0
led,0
legendary,0
leverage,0
levity,0
liberate,0
liberation,0
liberty,0
lifesaver,0
light-hearted,0
lighter,0
likable,0
like,0
liked,0
likes,0
liking,0
lionhearted,0
lively,0
logical,0
long-lasting,0
lovable,0
lovably,0
love,0
loved,0
loveliness,0
lovely,0
lover,0
loves,0
loving,0
low-cost,0
low-price,0
low-priced,0
low-risk,0
lower-priced,0
loyal,0
loyalty,0
lucid,0
lucidly,0
luck,0
luckier,0
luckiest,0
luckiness,0
lucky,0
lucrative,0
luminous,0
lush,0
luster,0
lustrous,0
luxuriant,0
luxuriate,0
luxurious,0
luxuriously,0
luxury,0
lyrical,0
magic,0
magical,0
magnanimous,0
magnanimously,0
magnificence,0
magnificent,0
magnificently,0
majestic,0
majesty,0
manageable,0
maneuverable,0
marvel,0
marveled,0
marvelled,0
marvellous,0
marvelous,0
marvelously,0
marvelousness,0
marvels,0
master,0
masterful,0
masterfully,0
masterpiece,0
masterpieces,0
masters,0
mastery,0
matchless,0
mature,0
maturely,0
maturity,0
meaningful,0
memorable,0
merciful,0
mercifully,0
mercy,0
merit,0
meritorious,0
merrily,0
merriment,0
merriness,0
merry,0
mesmerize,0
mesmerized,0
mesmerizes,0
mesmerizing,0
mesmerizingly,0
meticulous,0
meticulously,0
mightily,0
mighty,0
mind-blowing,0
miracle,0
miracles,0
miraculous,0
miraculously,0
miraculousness,0
modern,0
modest,0
modesty,0
momentous,0
monumental,0
monumentally,0
morality,0
motivated,0
multi-purpose,0
navigable,0
neat,0
neatest,0
neatly,0
nice,0
nicely,0
nicer,0
nicest,0
nifty,0
nimble,0
noble,0
nobly,0
noiseless,0
non-violence,0
non-violent,0
notably,0
noteworthy,0
nourish,0
nourishing,0
nourishment,0
novelty,0
nurturing,0
oasis,0
obsession,0
obsessions,0
obtainable,0
openly,0
openness,0
optimal,0
optimism,0
optimistic,0
opulent,0
orderly,0
originality,0
outdo,0
outdone,0
outperform,0
outperformed,0
outperforming,0
outperforms,0
outshine,0
outshone,0
outsmart,0
outstanding,0
outstandingly,0
outstrip,0
outwit,0
ovation,0
overjoyed,0
overtake,0
overtaken,0
overtakes,0
overtaking,0
overtook,0
overture,0
pain-free,0
painless,0
painlessly,0
palatial,0
pamper,0
pampered,0
pamperedly,0
pamperedness,0
pampers,0
panoramic,0
paradise,0
paramount,0
pardon,0
passion,0
passionate,0
passionately,0
patience,0
patient,0
patiently,0
patriot,0
patriotic,0
peace,0
peaceable,0
peaceful,0
peacefully,0
peacekeepers,0
peach,0
peerless,0
pep,0
pepped,0
pepping,0
peppy,0
peps,0
perfect,0
perfection,0
perfectly,0
permissible,0
perseverance,0
persevere,0
personages,0
personalized,0
phenomenal,0
phenomenally,0
picturesque,0
piety,0
pinnacle,0
playful,0
playfully,0
pleasant,0
pleasantly,0
pleased,0
pleases,0
pleasing,0
pleasingly,0
pleasurable,0
pleasurably,0
pleasure,0
plentiful,0
pluses,0
plush,0
plusses,0
poetic,0
poeticize,0
poignant,0
poise,0
poised,0
polished,0
polite,0
politeness,0
popular,0
portable,0
posh,0
positive,0
positively,0
positives,0
powerful,0
powerfully,0
praise,0
praiseworthy,0
praising,0
pre-eminent,0
precious,0
precise,0
precisely,0
preeminent,0
prefer,0
preferable,0
preferably,0
prefered,0
preferes,0
preferring,0
prefers,0
premier,0
prestige,0
prestigious,0
prettily,0
pretty,0
priceless,0
pride,0
principled,0
privilege,0
privileged,0
prize,0
proactive,0
problem-free,0
problem-solver,0
prodigious,0
prodigiously,0
prodigy,0
productive,0
productively,0
proficient,0
proficiently,0
profound,0
profoundly,0
profuse,0
profusion,0
progress,0
progressive,0
prolific,0
prominence,0
prominent,0
promise,0
promised,0
promises,0
promising,0
promoter,0
prompt,0
promptly,0
proper,0
properly,0
propitious,0
propitiously,0
pros,0
prosper,0
prosperity,0
prosperous,0
prospros,0
protect,0
protection,0
protective,0
proud,0
proven,0
proves,0
providence,0
proving,0
prowess,0
prudence,0
prudent,0
prudently,0
punctual,0
pure,0
purify,0
purposeful,0
quaint,0
qualified,0
qualify,0
quicker,0
quiet,0
quieter,0
radiance,0
radiant,0
rapid,0
rapport,0
rapt,0
rapture,0
raptureous,0
raptureously,0
rapturous,0
rapturously,0
rational,0
razor-sharp,0
reachable,0
readable,0
readily,0
ready,0
reaffirm,0
reaffirmation,0
realistic,0
realizable,0
reasonable,0
reasonably,0
reasoned,0
reassurance,0
reassure,0
receptive,0
reclaim,0
recomend,0
recommend,0
recommendation,0
recommendations,0
recommended,0
reconcile,0
reconciliation,0
record-setting,0
recover,0
recovery,0
rectification,0
rectify,0
rectifying,0
redeem,0
redeeming,0
redemption,0
refine,0
refined,0
refinement,0
reform,0
reformed,0
reforming,0
reforms,0
refresh,0
refreshed,0
refreshing,0
refund,0
refunded,0
regal,0
regally,0
regard,0
rejoice,0
rejoicing,0
rejoicingly,0
rejuvenate,0
rejuvenated,0
rejuvenating,0
relaxed,0
relent,0
reliable,0
reliably,0
relief,0
relish,0
remarkable,0
remarkably,0
remedy,0
remission,0
remunerate,0
renaissance,0
renewed,0
renown,0
renowned,0
replaceable,0
reputable,0
reputation,0
resilient,0
resolute,0
resound,0
resounding,0
resourceful,0
resourcefulness,0
respect,0
respectable,0
respectful,0
respectfully,0
respite,0
resplendent,0
responsibly,0
responsive,0
restful,0
restored,0
restructure,0
restructured,0
restructuring,0
retractable,0
revel,0
revelation,0
revere,0
reverence,0
reverent,0
reverently,0
revitalize,0
revival,0
revive,0
revives,0
revolutionary,0
revolutionize,0
revolutionized,0
revolutionizes,0
reward,0
rewarding,0
rewardingly,0
rich,0
richer,0
richly,0
richness,0
right,0
righten,0
righteous,0
righteously,0
righteousness,0
rightful,0
rightfully,0
rightly,0
rightness,0
risk-free,0
robust,0
rock-star,0
rock-stars,0
rockstar,0
rockstars,0
romantic,0
romantically,0
romanticize,0
roomier,0
roomy,0
rosy,0
safe,0
safely,0
sagacity,0
sagely,0
saint,0
saintliness,0
saintly,0
salutary,0
salute,0
sane,0
satisfactorily,0
satisfactory,0
satisfied,0
satisfies,0
satisfy,0
satisfying,0
satisified,0
saver,0
savings,0
savior,0
savvy,0
scenic,0
seamless,0
seasoned,0
secure,0
securely,0
selective,0
self-determination,0
self-respect,0
self-satisfaction,0
self-sufficiency,0
self-sufficient,0
sensation,0
sensational,0
sensationally,0
sensations,0
sensible,0
sensibly,0
sensitive,0
serene,0
serenity,0
sexy,0
sharp,0
sharper,0
sharpest,0
shimmering,0
shimmeringly,0
shine,0
shiny,0
significant,0
silent,0
simpler,0
simplest,0
simplified,0
simplifies,0
simplify,0
simplifying,0
sincere,0
sincerely,0
sincerity,0
skill,0
skilled,0
skillful,0
skillfully,0
slammin,0
sleek,0
slick,0
smart,0
smarter,0
smartest,0
smartly,0
smile,0
smiles,0
smiling,0
smilingly,0
smitten,0
smooth,0
smoother,0
smoothes,0
smoothest,0
smoothly,0
snappy,0
snazzy,0
sociable,0
soft,0
softer,0
solace,0
solicitous,0
solicitously,0
solid,0
solidarity,0
soothe,0
soothingly,0
sophisticated,0
soulful,0
soundly,0
soundness,0
spacious,0
sparkle,0
sparkling,0
spectacular,0
spectacularly,0
speedily,0
speedy,0
spellbind,0
spellbinding,0
spellbindingly,0
spellbound,0
spirited,0
spiritual,0
splendid,0
splendidly,0
splendor,0
spontaneous,0
sporty,0
spotless,0
sprightly,0
stability,0
stabilize,0
stable,0
stainless,0
standout,0
state-of-the-art,0
stately,0
statuesque,0
staunch,0
staunchly,0
staunchness,0
steadfast,0
steadfastly,0
steadfastness,0
steadiest,0
steadiness,0
steady,0
stellar,0
stellarly,0
stimulate,0
stimulates,0
stimulating,0
stimulative,0
stirringly,0
straighten,0
straightforward,0
streamlined,0
striking,0
strikingly,0
striving,0
strong,0
stronger,0
strongest,0
stunned,0
stunning,0
stunningly,0
stupendous,0
stupendously,0
sturdier,0
sturdy,0
stylish,0
stylishly,0
stylized,0
suave,0
suavely,0
sublime,0
subsidize,0
subsidized,0
subsidizes,0
subsidizing,0
substantive,0
succeed,0
succeeded,0
succeeding,0
succeeds,0
succes,0
success,0
successes,0
successful,0
successfully,0
suffice,0
sufficed,0
suffices,0
sufficient,0
sufficiently,0
suitable,0
sumptuous,0
sumptuously,0
sumptuousness,0
super,0
superb,0
superbly,0
superior,0
superiority,0
supple,0
support,0
supported,0
supporter,0
supporting,0
supportive,0
supports,0
supremacy,0
supreme,0
supremely,0
supurb,0
supurbly,0
surmount,0
surpass,0
surreal,0
survival,0
survivor,0
sustainability,0
sustainable,0
swank,0
swankier,0
swankiest,0
swanky,0
sweeping,0
sweet,0
sweeten,0
sweetheart,0
sweetly,0
sweetness,0
swift,0
swiftness,0
talent,0
talented,0
talents,0
tantalize,0
tantalizing,0
tantalizingly,0
tempt,0
tempting,0
temptingly,0
tenacious,0
tenaciously,0
tenacity,0
tender,0
tenderly,0
terrific,0
terrifically,0
thank,0
thankful,0
thinner,0
thoughtful,0
thoughtfully,0
thoughtfulness,0
thrift,0
thrifty,0
thrill,0
thrilled,0
thrilling,0
thrillingly,0
thrills,0
thrive,0
thriving,0
thumb-up,0
thumbs-up,0
tickle,0
tidy,0
time-honored,0
timely,0
tingle,0
titillate,0
titillating,0
titillatingly,0
togetherness,0
tolerable,0
toll-free,0
top,0
top-notch,0
top-quality,0
topnotch,0
tops,0
tough,0
tougher,0
toughest,0
traction,0
tranquil,0
tranquility,0
transparent,0
treasure,0
tremendously,0
trendy,0
triumph,0
triumphal,0
triumphant,0
triumphantly,0
trivially,0
trophy,0
trouble-free,0
trump,0
trumpet,0
trust,0
trusted,0
trusting,0
trustingly,0
trustworthiness,0
trustworthy,0
trusty,0
truthful,0
truthfully,0
truthfulness,0
twinkly,0
ultra-crisp,0
unabashed,0
unabashedly,0
unaffected,0
unassailable,0
unbeatable,0
unbiased,0
unbound,0
uncomplicated,0
unconditional,0
undamaged,0
undaunted,0
understandable,0
undisputable,0
undisputably,0
undisputed,0
unencumbered,0
unequivocal,0
unequivocally,0
unfazed,0
unfettered,0
unforgettable,0
unity,0
unlimited,0
unmatched,0
unparalleled,0
unquestionable,0
unquestionably,0
unreal,0
unrestricted,0
unrivaled,0
unselfish,0
unwavering,0
upbeat,0
upgradable,0
upgradeable,0
upgraded,0
upheld,0
uphold,0
uplift,0
uplifting,0
upliftingly,0
upliftment,0
upscale,0
usable,0
useable,0
useful,0
user-friendly,0
user-replaceable,0
valiant,0
valiantly,0
valor,0
valuable,0
variety,0
venerate,0
verifiable,0
veritable,0
versatile,0
versatility,0
vibrant,0
vibrantly,0
victorious,0
victory,0
viewable,0
vigilance,0
vigilant,0
virtue,0
virtuous,0
virtuously,0
visionary,0
vivacious,0
vivid,0
vouch,0
vouchsafe,0
warm,0
warmer,0
warmhearted,0
warmly,0
warmth,0
wealthy,0
welcome,0
well,0
well-backlit,0
well-balanced,0
well-behaved,0
well-being,0
well-bred,0
well-connected,0
well-educated,0
well-established,0
well-informed,0
well-intentioned,0
well-known,0
well-made,0
well-managed,0
well-mannered,0
well-positioned,0
well-received,0
well-regarded,0
well-rounded,0
well-run,0
well-wishers,0
wellbeing,0
whoa,0
wholeheartedly,0
wholesome,0
whooa,0
whoooa,0
wieldy,0
willing,0
willingly,0
willingness,0
win,0
windfall,0
winnable,0
winner,0
winners,0
winning,0
wins,0
wisdom,0
wise,0
wisely,0
witty,0
won,0
wonder,0
wonderful,0
wonderfully,0
wonderous,0
wonderously,0
wonders,0
wondrous,0
woo,0
work,0
workable,0
worked,0
works,0
world-famous,0
worth,0
worth-while,0
worthiness,0
worthwhile,0
worthy,0
wow,0
wowed,0
wowing,0
wows,0
yay,0
youthful,0
zeal,0
zenith,0
zest,0
zippy,0
2-faced,1
2-faces,1
abnormal,1
abolish,1
abominable,1
abominably,1
abominate,1
abomination,1
abort,1
aborted,1
aborts,1
abrade,1
abrasive,1
abrupt,1
abruptly,1
abscond,1
absence,1
absent-minded,1
absentee,1
absurd,1
absurdity,1
absurdly,1
absurdness,1
abuse,1
abused,1
abuses,1
abusive,1
abysmal,1
abysmally,1
abyss,1
accidental,1
accost,1
accursed,1
accusation,1
accusations,1
accuse,1
accuses,1
accusing,1
accusingly,1
acerbate,1
acerbic,1
acerbically,1
ache,1
ached,1
aches,1
achey,1
aching,1
acrid,1
acridly,1
acridness,1
acrimonious,1
acrimoniously,1
acrimony,1
adamant,1
adamantly,1
addict,1
addicted,1
addicting,1
addicts,1
admonish,1
admonisher,1
admonishingly,1
admonishment,1
admonition,1
adulterate,1
adulterated,1
adulteration,1
adulterier,1
adversarial,1
adversary,1
adverse,1
adversity,1
afflict,1
affliction,1
afflictive,1
affront,1
afraid,1
aggravate,1
aggravating,1
aggravation,1
aggression,1
aggressive,1
aggressiveness,1
aggressor,1
aggrieve,1
aggrieved,1
aggrivation,1
aghast,1
agonies,1
agonize,1
agonizing,1
agonizingly,1
agony,1
aground,1
ail,1
ailing,1
ailment,1
aimless,1
alarm,1
alarmed,1
alarming,1
alarmingly,1
alienate,1
alienated,1
alienation,1
allegation,1
allegations,1
allege,1
allergic,1
allergies,1
allergy,1
aloof,1
altercation,1
ambiguity,1
ambiguous,1
ambivalence,1
ambivalent,1
ambush,1
amiss,1
amputate,1
anarchism,1
anarchist,1
anarchistic,1
anarchy,1
anemic,1
anger,1
angrily,1
angriness,1
angry,1
anguish,1
animosity,1
annihilate,1
annihilation,1
annoy,1
annoyance,1
annoyances,1
annoyed,1
annoying,1
annoyingly,1
annoys,1
anomalous,1
anomaly,1
antagonism,1
antagonist,1
antagonistic,1
antagonize,1
anti-,1
anti-american,1
anti-israeli,1
anti-occupation,1
anti-proliferation,1
anti-semites,1
anti-social,1
anti-us,1
anti-white,1
antipathy,1
antiquated,1
antithetical,1
anxieties,1
anxiety,1
anxious,1
anxiously,1
anxiousness,1
apathetic,1
apathetically,1
apathy,1
apocalypse,1
apocalyptic,1
apologist,1
apologists,1
appal,1
appall,1
appalled,1
appalling,1
appallingly,1
apprehension,1
apprehensions,1
apprehensive,1
apprehensively,1
arbitrary,1
arcane,1
archaic,1
arduous,1
arduously,1
argumentative,1
arrogance,1
arrogant,1
arrogantly,1
ashamed,1
asinine,1
asininely,1
asinininity,1
askance,1
asperse,1
aspersion,1
aspersions,1
assail,1
assassin,1
assassinate,1
assault,1
assult,1
astray,1
asunder,1
atrocious,1
atrocities,1
atrocity,1
atrophy,1
attack,1
attacks,1
audacious,1
audaciously,1
audaciousness,1
audacity,1
audiciously,1
austere,1
authoritarian,1
autocrat,1
autocratic,1
avalanche,1
avarice,1
avaricious,1
avariciously,1
avenge,1
averse,1
aversion,1
aweful,1
awful,1
awfully,1
awfulness,1
awkward,1
awkwardness,1
ax,1
babble,1
back-logged,1
back-wood,1
back-woods,1
backache,1
backaches,1
backaching,1
backbite,1
backbiting,1
backward,1
backwardness,1
backwood,1
backwoods,1
bad,1
badly,1
baffle,1
baffled,1
bafflement,1
baffling,1
bait,1
balk,1
banal,1
banalize,1
bane,1
banish,1
banishment,1
bankrupt,1
barbarian,1
barbaric,1
barbarically,1
barbarity,1
barbarous,1
barbarously,1
barren,1
baseless,1
bash,1
bashed,1
bashful,1
bashing,1
bastard,1
bastards,1
battered,1
battering,1
batty,1
bearish,1
beastly,1
bedlam,1
bedlamite,1
befoul,1
beg,1
beggar,1
beggarly,1
begging,1
beguile,1
belabor,1
belated,1
beleaguer,1
belie,1
belittle,1
belittled,1
belittling,1
bellicose,1
belligerence,1
belligerent,1
belligerently,1
bemoan,1
bemoaning,1
bemused,1
bent,1
berate,1
bereave,1
bereavement,1
bereft,1
berserk,1
beseech,1
beset,1
besiege,1
besmirch,1
bestial,1
betray,1
betrayal,1
betrayals,1
betrayer,1
betraying,1
betrays,1
bewail,1
beware,1
bewilder,1
bewildered,1
bewildering,1
bewilderingly,1
bewilderment,1
bewitch,1
bias,1
biased,1
biases,1
bicker,1
bickering,1
bid-rigging,1
bigotries,1
bigotry,1
bitch,1
bitchy,1
biting,1
bitingly,1
bitter,1
bitterly,1
bitterness,1
bizarre,1
blab,1
blabber,1
blackmail,1
blah,1
blame,1
blameworthy,1
bland,1
blandish,1
blaspheme,1
blasphemous,1
blasphemy,1
blasted,1
blatant,1
blatantly,1
blather,1
bleak,1
bleakly,1
bleakness,1
bleed,1
bleeding,1
bleeds,1
blemish,1
blind,1
blinding,1
blindingly,1
blindside,1
blister,1
blistering,1
bloated,1
blockage,1
blockhead,1
bloodshed,1
bloodthirsty,1
bloody,1
blotchy,1
blow,1
blunder,1
blundering,1
blunders,1
blunt,1
blur,1
bluring,1
blurred,1
blurring,1
blurry,1
blurs,1
blurt,1
boastful,1
boggle,1
bogus,1
boil,1
boiling,1
boisterous,1
bomb,1
bombard,1
bombardment,1
bombastic,1
bondage,1
bonkers,1
bore,1
bored,1
boredom,1
bores,1
boring,1
botch,1
bother,1
bothered,1
bothering,1
bothers,1
bothersome,1
bowdlerize,1
boycott,1
braggart,1
bragger,1
brainless,1
brainwash,1
brash,1
brashly,1
brashness,1
brat,1
bravado,1
brazen,1
brazenly,1
brazenness,1
breach,1
break,1
break-up,1
break-ups,1
breakdown,1
breaking,1
breaks,1
breakup,1
breakups,1
bribery,1
brimstone,1
bristle,1
brittle,1
broke,1
broken,1
broken-hearted,1
brood,1
browbeat,1
bruise,1
bruised,1
bruises,1
bruising,1
brusque,1
brutal,1
brutalising,1
brutalities,1
brutality,1
brutalize,1
brutalizing,1
brutally,1
brute,1
brutish,1
bs,1
buckle,1
bug,1
bugging,1
buggy,1
bugs,1
bulkier,1
bulkiness,1
bulky,1
bulkyness,1
bull****,1
bull----,1
bullies,1
bullshit,1
bullshyt,1
bully,1
bullying,1
bullyingly,1
bum,1
bump,1
bumped,1
bumping,1
bumpping,1
bumps,1
bumpy,1
bungle,1
bungler,1
bungling,1
bunk,1
burden,1
burdensome,1
burdensomely,1
burn,1
burned,1
burning,1
burns,1
bust,1
busts,1
busybody,1
butcher,1
butchery,1
buzzing,1
byzantine,1
cackle,1
calamities,1
calamitous,1
calamitously,1
calamity,1
callous,1
calumniate,1
calumniation,1
calumnies,1
calumnious,1
calumniously,1
calumny,1
cancer,1
cancerous,1
cannibal,1
cannibalize,1
capitulate,1
capricious,1
capriciously,1
capriciousness,1
capsize,1
careless,1
carelessness,1
caricature,1
carnage,1
carp,1
cartoonish,1
cash-strapped,1
castigate,1
castrated,1
casualty,1
cataclysm,1
cataclysmal,1
cataclysmic,1
cataclysmically,1
catastrophe,1
catastrophes,1
catastrophic,1
catastrophically,1
catastrophies,1
caustic,1
caustically,1
cautionary,1
cave,1
censure,1
chafe,1
chaff,1
chagrin,1
challenging,1
chaos,1
chaotic,1
chasten,1
chastise,1
chastisement,1
chatter,1
chatterbox,1
cheap,1
cheapen,1
cheaply,1
cheat,1
cheated,1
cheater,1
cheating,1
cheats,1
checkered,1
cheerless,1
cheesy,1
chide,1
childish,1
chill,1
chilly,1
chintzy,1
choke,1
choleric,1
choppy,1
chore,1
chronic,1
chunky,1
clamor,1
clamorous,1
clash,1
cliche,1
cliched,1
clique,1
clog,1
clogged,1
clogs,1
cloud,1
clouding,1
cloudy,1
clueless,1
clumsy,1
clunky,1
coarse,1
cocky,1
coerce,1
coercion,1
coercive,1
cold,1
coldly,1
collapse,1
collude,1
collusion,1
combative,1
combust,1
comical,1
commiserate,1
commonplace,1
commotion,1
commotions,1
complacent,1
complain,1
complained,1
complaining,1
complains,1
complaint,1
complaints,1
complex,1
complicated,1
complication,1
complicit,1
compulsion,1
compulsive,1
concede,1
conceded,1
conceit,1
conceited,1
concen,1
concens,1
concern,1
concerned,1
concerns,1
concession,1
concessions,1
condemn,1
condemnable,1
condemnation,1
condemned,1
condemns,1
condescend,1
condescending,1
condescendingly,1
condescension,1
confess,1
confession,1
confessions,1
confined,1
conflict,1
conflicted,1
conflicting,1
conflicts,1
confound,1
confounded,1
confounding,1
confront,1
confrontation,1
confrontational,1
confuse,1
confused,1
confuses,1
confusing,1
confusion,1
confusions,1
congested,1
congestion,1
cons,1
conscons,1
conservative,1
conspicuous,1
conspicuously,1
conspiracies,1
conspiracy,1
conspirator,1
conspiratorial,1
conspire,1
consternation,1
contagious,1
contaminate,1
contaminated,1
contaminates,1
contaminating,1
contamination,1
contempt,1
contemptible,1
contemptuous,1
contemptuously,1
contend,1
contention,1
contentious,1
contort,1
contortions,1
contradict,1
contradiction,1
contradictory,1
contrariness,1
contravene,1
contrive,1
contrived,1
controversial,1
controversy,1
convoluted,1
corrode,1
corrosion,1
corrosions,1
corrosive,1
corrupt,1
corrupted,1
corrupting,1
corruption,1
corrupts,1
corruptted,1
costlier,1
costly,1
counter-productive,1
counterproductive,1
coupists,1
covetous,1
coward,1
cowardly,1
crabby,1
crack,1
cracked,1
cracks,1
craftily,1
craftly,1
crafty,1
cramp,1
cramped,1
cramping,1
cranky,1
crap,1
crappy,1
craps,1
crash,1
crashed,1
crashes,1
crashing,1
crass,1
craven,1
cravenly,1
craze,1
crazily,1
craziness,1
crazy,1
creak,1
creaking,1
creaks,1
credulous,1
creep,1
creeping,1
creeps,1
creepy,1
crept,1
crime,1
criminal,1
cringe,1
cringed,1
cringes,1
cripple,1
crippled,1
cripples,1
crippling,1
crisis,1
critic,1
critical,1
criticism,1
criticisms,1
criticize,1
criticized,1
criticizing,1
critics,1
cronyism,1
crook,1
crooked,1
crooks,1
crowded,1
crowdedness,1
crude,1
cruel,1
crueler,1
cruelest,1
cruelly,1
cruelness,1
cruelties,1
cruelty,1
crumble,1
crumbling,1
crummy,1
crumple,1
crumpled,1
crumples,1
crush,1
crushed,1
crushing,1
cry,1
culpable,1
culprit,1
cumbersome,1
cunt,1
cunts,1
cuplrit,1
curse,1
cursed,1
curses,1
curt,1
cuss,1
cussed,1
cutthroat,1
cynical,1
cynicism,1
d*mn,1
damage,1
damaged,1
damages,1
damaging,1
damn,1
damnable,1
damnably,1
damnation,1
damned,1
damning,1
damper,1
danger,1
dangerous,1
dangerousness,1
dark,1
darken,1
darkened,1
darker,1
darkness,1
dastard,1
dastardly,1
daunt,1
daunting,1
dauntingly,1
dawdle,1
daze,1
dazed,1
dead,1
deadbeat,1
deadlock,1
deadly,1
deadweight,1
deaf,1
dearth,1
death,1
debacle,1
debase,1
debasement,1
debaser,1
debatable,1
debauch,1
debaucher,1
debauchery,1
debilitate,1
debilitating,1
debility,1
debt,1
debts,1
decadence,1
decadent,1
decay,1
decayed,1
deceit,1
deceitful,1
deceitfully,1
deceitfulness,1
deceive,1
deceiver,1
deceivers,1
deceiving,1
deception,1
deceptive,1
deceptively,1
declaim,1
decline,1
declines,1
declining,1
decrement,1
decrepit,1
decrepitude,1
decry,1
defamation,1
defamations,1
defamatory,1
defame,1
defect,1
defective,1
defects,1
defensive,1
defiance,1
defiant,1
defiantly,1
deficiencies,1
deficiency,1
deficient,1
defile,1
defiler,1
deform,1
deformed,1
defrauding,1
defunct,1
defy,1
degenerate,1
degenerately,1
degeneration,1
degradation,1
degrade,1
degrading,1
degradingly,1
dehumanization,1
dehumanize,1
deign,1
deject,1
dejected,1
dejectedly,1
dejection,1
delay,1
delayed,1
delaying,1
delays,1
delinquency,1
delinquent,1
delirious,1
delirium,1
delude,1
deluded,1
deluge,1
delusion,1
delusional,1
delusions,1
demean,1
demeaning,1
demise,1
demolish,1
demolisher,1
demon,1
demonic,1
demonize,1
demonized,1
demonizes,1
demonizing,1
demoralize,1
demoralizing,1
demoralizingly,1
denial,1
denied,1
denies,1
denigrate,1
denounce,1
dense,1
dent,1
dented,1
dents,1
denunciate,1
denunciation,1
denunciations,1
deny,1
denying,1
deplete,1
deplorable,1
deplorably,1
deplore,1
deploring,1
deploringly,1
deprave,1
depraved,1
depravedly,1
deprecate,1
depress,1
depressed,1
depressing,1
depressingly,1
depression,1
depressions,1
deprive,1
deprived,1
deride,1
derision,1
derisive,1
derisively,1
derisiveness,1
derogatory,1
desecrate,1
desert,1
desertion,1
desiccate,1
desiccated,1
desititute,1
desolate,1
desolately,1
desolation,1
despair,1
despairing,1
despairingly,1
desperate,1
desperately,1
desperation,1
despicable,1
despicably,1
despise,1
despised,1
despoil,1
despoiler,1
despondence,1
despondency,1
despondent,1
despondently,1
despot,1
despotic,1
despotism,1
destabilisation,1
destains,1
destitute,1
destitution,1
destroy,1
destroyer,1
destruction,1
destructive,1
desultory,1
deter,1
deteriorate,1
deteriorating,1
deterioration,1
deterrent,1
detest,1
detestable,1
detestably,1
detested,1
detesting,1
detests,1
detract,1
detracted,1
detracting,1
detraction,1
detracts,1
detriment,1
detrimental,1
devastate,1
devastated,1
devastates,1
devastating,1
devastatingly,1
devastation,1
deviate,1
deviation,1
devil,1
devilish,1
devilishly,1
devilment,1
devilry,1
devious,1
deviously,1
deviousness,1
devoid,1
diabolic,1
diabolical,1
diabolically,1
diametrically,1
diappointed,1
diatribe,1
diatribes,1
dick,1
dictator,1
dictatorial,1
die,1
die-hard,1
died,1
dies,1
difficult,1
difficulties,1
difficulty,1
diffidence,1
dilapidated,1
dilemma,1
dilly-dally,1
dim,1
dimmer,1
din,1
ding,1
dings,1
dinky,1
dire,1
direly,1
direness,1
dirt,1
dirtbag,1
dirtbags,1
dirts,1
dirty,1
disable,1
disabled,1
disaccord,1
disadvantage,1
disadvantaged,1
disadvantageous,1
disadvantages,1
disaffect,1
disaffected,1
disaffirm,1
disagree,1
disagreeable,1
disagreeably,1
disagreed,1
disagreeing,1
disagreement,1
disagrees,1
disallow,1
disapointed,1
disapointing,1
disapointment,1
disappoint,1
disappointed,1
disappointing,1
disappointingly,1
disappointment,1
disappointments,1
disappoints,1
disapprobation,1
disapproval,1
disapprove,1
disapproving,1
disarm,1
disarray,1
disaster,1
disasterous,1
disastrous,1
disastrously,1
disavow,1
disavowal,1
disbelief,1
disbelieve,1
disbeliever,1
disclaim,1
discombobulate,1
discomfit,1
discomfititure,1
discomfort,1
discompose,1
disconcert,1
disconcerted,1
disconcerting,1
disconcertingly,1
disconsolate,1
disconsolately,1
disconsolation,1
discontent,1
discontented,1
discontentedly,1
discontinued,1
discontinuity,1
discontinuous,1
discord,1
discordance,1
discordant,1
discountenance,1
discourage,1
discouragement,1
discouraging,1
discouragingly,1
discourteous,1
discourteously,1
discoutinous,1
discredit,1
discrepant,1
discriminate,1
discrimination,1
discriminatory,1
disdain,1
disdained,1
disdainful,1
disdainfully,1
disfavor,1
disgrace,1
disgraced,1
disgraceful,1
disgracefully,1
disgruntle,1
disgruntled,1
disgust,1
disgusted,1
disgustedly,1
disgustful,1
disgustfully,1
disgusting,1
disgustingly,1
dishearten,1
disheartening,1
dishearteningly,1
dishonest,1
dishonestly,1
dishonesty,1
dishonor,1
dishonorable,1
dishonorablely,1
disillusion,1
disillusioned,1
disillusionment,1
disillusions,1
disinclination,1
disinclined,1
disingenuous,1
disingenuously,1
disintegrate,1
disintegrated,1
disintegrates,1
disintegration,1
disinterest,1
disinterested,1
dislike,1
disliked,1
dislikes,1
disliking,1
dislocated,1
disloyal,1
disloyalty,1
dismal,1
dismally,1
dismalness,1
dismay,1
dismayed,1
dismaying,1
dismayingly,1
dismissive,1
dismissively,1
disobedience,1
disobedient,1
disobey,1
disoobedient,1
disorder,1
disordered,1
disorderly,1
disorganized,1
disorient,1
disoriented,1
disown,1
disparage,1
disparaging,1
disparagingly,1
dispensable,1
dispirit,1
dispirited,1
dispiritedly,1
dispiriting,1
displace,1
displaced,1
displease,1
displeased,1
displeasing,1
displeasure,1
disproportionate,1
disprove,1
disputable,1
dispute,1
disputed,1
disquiet,1
disquieting,1
disquietingly,1
disquietude,1
disregard,1
disregardful,1
disreputable,1
disrepute,1
disrespect,1
disrespectable,1
disrespectablity,1
disrespectful,1
disrespectfully,1
disrespectfulness,1
disrespecting,1
disrupt,1
disruption,1
disruptive,1
diss,1
dissapointed,1
dissappointed,1
dissappointing,1
dissatisfaction,1
dissatisfactory,1
dissatisfied,1
dissatisfies,1
dissatisfy,1
dissatisfying,1
dissed,1
dissemble,1
dissembler,1
dissension,1
dissent,1
dissenter,1
dissention,1
disservice,1
disses,1
dissidence,1
dissident,1
dissidents,1
dissing,1
dissocial,1
dissolute,1
dissolution,1
dissonance,1
dissonant,1
dissonantly,1
dissuade,1
dissuasive,1
distains,1
distaste,1
distasteful,1
distastefully,1
distort,1
distorted,1
distortion,1
distorts,1
distract,1
distracting,1
distraction,1
distraught,1
distraughtly,1
distraughtness,1
distress,1
distressed,1
distressing,1
distressingly,1
distrust,1
distrustful,1
distrusting,1
disturb,1
disturbance,1
disturbed,1
disturbing,1
disturbingly,1
disunity,1
disvalue,1
divergent,1
divisive,1
divisively,1
divisiveness,1
dizzing,1
dizzingly,1
dizzy,1
doddering,1
dodgey,1
dogged,1
doggedly,1
dogmatic,1
doldrums,1
domineer,1
domineering,1
donside,1
doom,1
doomed,1
doomsday,1
dope,1
doubt,1
doubtful,1
doubtfully,1
doubts,1
douchbag,1
douchebag,1
douchebags,1
downbeat,1
downcast,1
downer,1
downfall,1
downfallen,1
downgrade,1
downhearted,1
downheartedly,1
downhill,1
downside,1
downsides,1
downturn,1
downturns,1
drab,1
draconian,1
draconic,1
drag,1
dragged,1
dragging,1
dragoon,1
drags,1
drain,1
drained,1
draining,1
drains,1
drastic,1
drastically,1
drawback,1
drawbacks,1
dread,1
dreadful,1
dreadfully,1
dreadfulness,1
dreary,1
dripped,1
dripping,1
drippy,1
drips,1
drones,1
droop,1
droops,1
drop-out,1
drop-outs,1
dropout,1
dropouts,1
drought,1
drowning,1
drunk,1
drunkard,1
drunken,1
dubious,1
dubiously,1
dubitable,1
dud,1
dull,1
dullard,1
dumb,1
dumbfound,1
dump,1
dumped,1
dumping,1
dumps,1
dunce,1
dungeon,1
dungeons,1
dupe,1
dust,1
dusty,1
dwindling,1
dying,1
earsplitting,1
eccentric,1
eccentricity,1
effigy,1
effrontery,1
egocentric,1
egomania,1
egotism,1
egotistical,1
egotistically,1
egregious,1
egregiously,1
election-rigger,1
elimination,1
emaciated,1
emasculate,1
embarrass,1
embarrassing,1
embarrassingly,1
embarrassment,1
embattled,1
embroil,1
embroiled,1
embroilment,1
emergency,1
emphatic,1
emphatically,1
emptiness,1
encroach,1
encroachment,1
endanger,1
enemies,1
enemy,1
enervate,1
enfeeble,1
enflame,1
engulf,1
enjoin,1
enmity,1
enrage,1
enraged,1
enraging,1
enslave,1
entangle,1
entanglement,1
entrap,1
entrapment,1
envious,1
enviously,1
enviousness,1
epidemic,1
equivocal,1
erase,1
erode,1
erodes,1
erosion,1
err,1
errant,1
erratic,1
erratically,1
erroneous,1
erroneously,1
error,1
errors,1
eruptions,1
escapade,1
eschew,1
estranged,1
evade,1
evasion,1
evasive,1
evil,1
evildoer,1
evils,1
eviscerate,1
exacerbate,1
exagerate,1
exagerated,1
exagerates,1
exaggerate,1
exaggeration,1
exasperate,1
exasperated,1
exasperating,1
exasperatingly,1
exasperation,1
excessive,1
excessively,1
exclusion,1
excoriate,1
excruciating,1
excruciatingly,1
excuse,1
excuses,1
execrate,1
exhaust,1
exhausted,1
exhaustion,1
exhausts,1
exhorbitant,1
exhort,1
exile,1
exorbitant,1
exorbitantance,1
exorbitantly,1
expel,1
expensive,1
expire,1
expired,1
explode,1
exploit,1
exploitation,1
explosive,1
expropriate,1
expropriation,1
expulse,1
expunge,1
exterminate,1
extermination,1
extinguish,1
extort,1
extortion,1
extraneous,1
extravagance,1
extravagant,1
extravagantly,1
extremism,1
extremist,1
extremists,1
eyesore,1
f**k,1
fabricate,1
fabrication,1
facetious,1
facetiously,1
fail,1
failed,1
failing,1
fails,1
failure,1
failures,1
faint,1
fainthearted,1
faithless,1
fake,1
fall,1
fallacies,1
fallacious,1
fallaciously,1
fallaciousness,1
fallacy,1
fallen,1
falling,1
fallout,1
falls,1
falsehood,1
falsely,1
falsify,1
falter,1
faltered,1
famine,1
famished,1
fanatic,1
fanatical,1
fanatically,1
fanaticism,1
fanatics,1
fanciful,1
far-fetched,1
farce,1
farcical,1
farcical-yet-provocative,1
farcically,1
farfetched,1
fascism,1
fascist,1
fastidious,1
fastidiously,1
fastuous,1
fat,1
fat-cat,1
fat-cats,1
fatal,1
fatalistic,1
fatalistically,1
fatally,1
fatcat,1
fatcats,1
fateful,1
fatefully,1
fathomless,1
fatigue,1
fatigued,1
fatique,1
fatty,1
fatuity,1
fatuous,1
fatuously,1
fault,1
faults,1
faulty,1
fawningly,1
faze,1
fear,1
fearful,1
fearfully,1
fears,1
fearsome,1
feckless,1
feeble,1
feeblely,1
feebleminded,1
feign,1
feint,1
fell,1
felon,1
felonious,1
ferociously,1
ferocity,1
fetid,1
fever,1
feverish,1
fevers,1
fiasco,1
fib,1
fibber,1
fickle,1
fiction,1
fictional,1
fictitious,1
fidget,1
fidgety,1
fiend,1
fiendish,1
fierce,1
figurehead,1
filth,1
filthy,1
finagle,1
finicky,1
fissures,1
fist,1
flabbergast,1
flabbergasted,1
flagging,1
flagrant,1
flagrantly,1
flair,1
flairs,1
flak,1
flake,1
flakey,1
flakieness,1
flaking,1
flaky,1
flare,1
flares,1
flareup,1
flareups,1
flat-out,1
flaunt,1
flaw,1
flawed,1
flaws,1
flee,1
fleed,1
fleeing,1
fleer,1
flees,1
fleeting,1
flicering,1
flicker,1
flickering,1
flickers,1
flighty,1
flimflam,1
flimsy,1
flirt,1
flirty,1
floored,1
flounder,1
floundering,1
flout,1
fluster,1
foe,1
fool,1
fooled,1
foolhardy,1
foolish,1
foolishly,1
foolishness,1
forbid,1
forbidden,1
forbidding,1
forceful,1
foreboding,1
forebodingly,1
forfeit,1
forged,1
forgetful,1
forgetfully,1
forgetfulness,1
forlorn,1
forlornly,1
forsake,1
forsaken,1
forswear,1
foul,1
foully,1
foulness,1
fractious,1
fractiously,1
fracture,1
fragile,1
fragmented,1
frail,1
frantic,1
frantically,1
franticly,1
fraud,1
fraudulent,1
fraught,1
frazzle,1
frazzled,1
freak,1
freaking,1
freakish,1
freakishly,1
freaks,1
freeze,1
freezes,1
freezing,1
frenetic,1
frenetically,1
frenzied,1
frenzy,1
fret,1
fretful,1
frets,1
friction,1
frictions,1
fried,1
friggin,1
frigging,1
fright,1
frighten,1
frightening,1
frighteningly,1
frightful,1
frightfully,1
frigid,1
frost,1
frown,1
froze,1
frozen,1
fruitless,1
fruitlessly,1
frustrate,1
frustrated,1
frustrates,1
frustrating,1
frustratingly,1
frustration,1
frustrations,1
fuck,1
fucking,1
fudge,1
fugitive,1
full-blown,1
fulminate,1
fumble,1
fume,1
fumes,1
fundamentalism,1
funky,1
funnily,1
funny,1
furious,1
furiously,1
furor,1
fury,1
fuss,1
fussy,1
fustigate,1
fusty,1
futile,1
futilely,1
futility,1
fuzzy,1
gabble,1
gaff,1
gaffe,1
gainsay,1
gainsayer,1
gall,1
galling,1
gallingly,1
galls,1
gangster,1
gape,1
garbage,1
garish,1
gasp,1
gauche,1
gaudy,1
gawk,1
gawky,1
geezer,1
genocide,1
get-rich,1
ghastly,1
ghetto,1
ghosting,1
gibber,1
gibberish,1
gibe,1
giddy,1
gimmick,1
gimmicked,1
gimmicking,1
gimmicks,1
gimmicky,1
glare,1
glaringly,1
glib,1
glibly,1
glitch,1
glitches,1
gloatingly,1
gloom,1
gloomy,1
glower,1
glum,1
glut,1
gnawing,1
goad,1
goading,1
god-awful,1
goof,1
goofy,1
goon,1
gossip,1
graceless,1
gracelessly,1
graft,1
grainy,1
grapple,1
grate,1
grating,1
gravely,1
greasy,1
greed,1
greedy,1
grief,1
grievance,1
grievances,1
grieve,1
grieving,1
grievous,1
grievously,1
grim,1
grimace,1
grind,1
gripe,1
gripes,1
grisly,1
gritty,1
gross,1
grossly,1
grotesque,1
grouch,1
grouchy,1
groundless,1
grouse,1
growl,1
grudge,1
grudges,1
grudging,1
grudgingly,1
gruesome,1
gruesomely,1
gruff,1
grumble,1
grumpier,1
grumpiest,1
grumpily,1
grumpish,1
grumpy,1
guile,1
guilt,1
guiltily,1
guilty,1
gullible,1
gutless,1
gutter,1
hack,1
hacks,1
haggard,1
haggle,1
hairloss,1
halfhearted,1
halfheartedly,1
hallucinate,1
hallucination,1
hamper,1
hampered,1
handicapped,1
hang,1
hangs,1
haphazard,1
hapless,1
harangue,1
harass,1
harassed,1
harasses,1
harassment,1
harboring,1
harbors,1
hard,1
hard-hit,1
hard-line,1
hard-liner,1
hardball,1
harden,1
hardened,1
hardheaded,1
hardhearted,1
hardliner,1
hardliners,1
hardship,1
hardships,1
harm,1
harmed,1
harmful,1
harms,1
harpy,1
harridan,1
harried,1
harrow,1
harsh,1
harshly,1
hasseling,1
hassle,1
hassled,1
hassles,1
haste,1
hastily,1
hasty,1
hate,1
hated,1
hateful,1
hatefully,1
hatefulness,1
hater,1
haters,1
hates,1
hating,1
hatred,1
haughtily,1
haughty,1
haunt,1
haunting,1
havoc,1
hawkish,1
haywire,1
hazard,1
hazardous,1
haze,1
hazy,1
head-aches,1
headache,1
headaches,1
heartbreaker,1
heartbreaking,1
heartbreakingly,1
heartless,1
heathen,1
heavy-handed,1
heavyhearted,1
heck,1
heckle,1
heckled,1
heckles,1
hectic,1
hedge,1
hedonistic,1
heedless,1
hefty,1
hegemonism,1
hegemonistic,1
hegemony,1
heinous,1
hell,1
hell-bent,1
hellion,1
hells,1
helpless,1
helplessly,1
helplessness,1
heresy,1
heretic,1
heretical,1
hesitant,1
hestitant,1
hideous,1
hideously,1
hideousness,1
high-priced,1
hiliarious,1
hinder,1
hindrance,1
hiss,1
hissed,1
hissing,1
ho-hum,1
hoard,1
hoax,1
hobble,1
hogs,1
hollow,1
hoodium,1
hoodwink,1
hooligan,1
hopeless,1
hopelessly,1
hopelessness,1
horde,1
horrendous,1
horrendously,1
horrible,1
horrid,1
horrific,1
horrified,1
horrifies,1
horrify,1
horrifying,1
horrifys,1
hostage,1
hostile,1
hostilities,1
hostility,1
hotbeds,1
hothead,1
hotheaded,1
hothouse,1
hubris,1
huckster,1
hum,1
humid,1
humiliate,1
humiliating,1
humiliation,1
humming,1
hung,1
hurt,1
hurted,1
hurtful,1
hurting,1
hurts,1
hustler,1
hype,1
hypocricy,1
hypocrisy,1
hypocrite,1
hypocrites,1
hypocritical,1
hypocritically,1
hysteria,1
hysteric,1
hysterical,1
hysterically,1
hysterics,1
idiocies,1
idiocy,1
idiot,1
idiotic,1
idiotically,1
idiots,1
idle,1
ignoble,1
ignominious,1
ignominiously,1
ignominy,1
ignorance,1
ignorant,1
ignore,1
ill-advised,1
ill-conceived,1
ill-defined,1
ill-designed,1
ill-fated,1
ill-favored,1
ill-formed,1
ill-mannered,1
ill-natured,1
ill-sorted,1
ill-tempered,1
ill-treated,1
ill-treatment,1
ill-usage,1
ill-used,1
illegal,1
illegally,1
illegitimate,1
illicit,1
illiterate,1
illness,1
illogic,1
illogical,1
illogically,1
illusion,1
illusions,1
illusory,1
imaginary,1
imbalance,1
imbecile,1
imbroglio,1
immaterial,1
immature,1
imminence,1
imminently,1
immobilized,1
immoderate,1
immoderately,1
immodest,1
immoral,1
immorality,1
immorally,1
immovable,1
impair,1
impaired,1
impasse,1
impatience,1
impatient,1
impatiently,1
impeach,1
impedance,1
impede,1
impediment,1
impending,1
impenitent,1
imperfect,1
imperfection,1
imperfections,1
imperfectly,1
imperialist,1
imperil,1
imperious,1
imperiously,1
impermissible,1
impersonal,1
impertinent,1
impetuous,1
impetuously,1
impiety,1
impinge,1
impious,1
implacable,1
implausible,1
implausibly,1
implicate,1
implication,1
implode,1
impolite,1
impolitely,1
impolitic,1
importunate,1
importune,1
impose,1
imposers,1
imposing,1
imposition,1
impossible,1
impossiblity,1
impossibly,1
impotent,1
impoverish,1
impoverished,1
impractical,1
imprecate,1
imprecise,1
imprecisely,1
imprecision,1
imprison,1
imprisonment,1
improbability,1
improbable,1
improbably,1
improper,1
improperly,1
impropriety,1
imprudence,1
imprudent,1
impudence,1
impudent,1
impudently,1
impugn,1
impulsive,1
impulsively,1
impunity,1
impure,1
impurity,1
inability,1
inaccuracies,1
inaccuracy,1
inaccurate,1
inaccurately,1
inaction,1
inactive,1
inadequacy,1
inadequate,1
inadequately,1
inadverent,1
inadverently,1
inadvisable,1
inadvisably,1
inane,1
inanely,1
inappropriate,1
inappropriately,1
inapt,1
inaptitude,1
inarticulate,1
inattentive,1
inaudible,1
incapable,1
incapably,1
incautious,1
incendiary,1
incense,1
incessant,1
incessantly,1
incite,1
incitement,1
incivility,1
inclement,1
incognizant,1
incoherence,1
incoherent,1
incoherently,1
incommensurate,1
incomparable,1
incomparably,1
incompatability,1
incompatibility,1
incompatible,1
incompetence,1
incompetent,1
incompetently,1
incomplete,1
incompliant,1
incomprehensible,1
incomprehension,1
inconceivable,1
inconceivably,1
incongruous,1
incongruously,1
inconsequent,1
inconsequential,1
inconsequentially,1
inconsequently,1
inconsiderate,1
inconsiderately,1
inconsistence,1
inconsistencies,1
inconsistency,1
inconsistent,1
inconsolable,1
inconsolably,1
inconstant,1
inconvenience,1
inconveniently,1
incorrect,1
incorrectly,1
incorrigible,1
incorrigibly,1
incredulous,1
incredulously,1
inculcate,1
indecency,1
indecent,1
indecently,1
indecision,1
indecisive,1
indecisively,1
indecorum,1
indefensible,1
indelicate,1
indeterminable,1
indeterminably,1
indeterminate,1
indifference,1
indifferent,1
indigent,1
indignant,1
indignantly,1
indignation,1
indignity,1
indiscernible,1
indiscreet,1
indiscreetly,1
indiscretion,1
indiscriminate,1
indiscriminately,1
indiscriminating,1
indistinguishable,1
indoctrinate,1
indoctrination,1
indolent,1
indulge,1
ineffective,1
ineffectively,1
ineffectiveness,1
ineffectual,1
ineffectually,1
ineffectualness,1
inefficacious,1
inefficacy,1
inefficiency,1
inefficient,1
inefficiently,1
inelegance,1
inelegant,1
ineligible,1
ineloquent,1
ineloquently,1
inept,1
ineptitude,1
ineptly,1
inequalities,1
inequality,1
inequitable,1
inequitably,1
inequities,1
inescapable,1
inescapably,1
inessential,1
inevitable,1
inevitably,1
inexcusable,1
inexcusably,1
inexorable,1
inexorably,1
inexperience,1
inexperienced,1
inexpert,1
inexpertly,1
inexpiable,1
inexplainable,1
inextricable,1
inextricably,1
infamous,1
infamously,1
infamy,1
infected,1
infection,1
infections,1
inferior,1
inferiority,1
infernal,1
infest,1
infested,1
infidel,1
infidels,1
infiltrator,1
infiltrators,1
infirm,1
inflame,1
inflammation,1
inflammatory,1
inflammed,1
inflated,1
inflationary,1
inflexible,1
inflict,1
infraction,1
infringe,1
infringement,1
infringements,1
infuriate,1
infuriated,1
infuriating,1
infuriatingly,1
inglorious,1
ingrate,1
ingratitude,1
inhibit,1
inhibition,1
inhospitable,1
inhospitality,1
inhuman,1
inhumane,1
inhumanity,1
inimical,1
inimically,1
iniquitous,1
iniquity,1
injudicious,1
injure,1
injurious,1
injury,1
injustice,1
injustices,1
innuendo,1
inoperable,1
inopportune,1
inordinate,1
inordinately,1
insane,1
insanely,1
insanity,1
insatiable,1
insecure,1
insecurity,1
insensible,1
insensitive,1
insensitively,1
insensitivity,1
insidious,1
insidiously,1
insignificance,1
insignificant,1
insignificantly,1
insincere,1
insincerely,1
insincerity,1
insinuate,1
insinuating,1
insinuation,1
insociable,1
insolence,1
insolent,1
insolently,1
insolvent,1
insouciance,1
instability,1
instable,1
instigate,1
instigator,1
instigators,1
insubordinate,1
insubstantial,1
insubstantially,1
insufferable,1
insufferably,1
insufficiency,1
insufficient,1
insufficiently,1
insular,1
insult,1
insulted,1
insulting,1
insultingly,1
insults,1
insupportable,1
insupportably,1
insurmountable,1
insurmountably,1
insurrection,1
intefere,1
inteferes,1
intense,1
interfere,1
interference,1
interferes,1
intermittent,1
interrupt,1
interruption,1
interruptions,1
intimidate,1
intimidating,1
intimidatingly,1
intimidation,1
intolerable,1
intolerablely,1
intolerance,1
intoxicate,1
intractable,1
intransigence,1
intransigent,1
intrude,1
intrusion,1
intrusive,1
inundate,1
inundated,1
invader,1
invalid,1
invalidate,1
invalidity,1
invasive,1
invective,1
inveigle,1
invidious,1
invidiously,1
invidiousness,1
invisible,1
involuntarily,1
involuntary,1
irascible,1
irate,1
irately,1
ire,1
irk,1
irked,1
irking,1
irks,1
irksome,1
irksomely,1
irksomeness,1
irksomenesses,1
ironic,1
ironical,1
ironically,1
ironies,1
irony,1
irragularity,1
irrational,1
irrationalities,1
irrationality,1
irrationally,1
irrationals,1
irreconcilable,1
irrecoverable,1
irrecoverableness,1
irrecoverablenesses,1
irrecoverably,1
irredeemable,1
irredeemably,1
irreformable,1
irregular,1
irregularity,1
irrelevance,1
irrelevant,1
irreparable,1
irreplacible,1
irrepressible,1
irresolute,1
irresolvable,1
irresponsible,1
irresponsibly,1
irretating,1
irretrievable,1
irreversible,1
irritable,1
irritably,1
irritant,1
irritate,1
irritated,1
irritating,1
irritation,1
irritations,1
isolate,1
isolated,1
isolation,1
issue,1
issues,1
itch,1
itching,1
itchy,1
jabber,1
jaded,1
jagged,1
jam,1
jarring,1
jaundiced,1
jealous,1
jealously,1
jealousness,1
jealousy,1
jeer,1
jeering,1
jeeringly,1
jeers,1
jeopardize,1
jeopardy,1
jerk,1
jerky,1
jitter,1
jitters,1
jittery,1
job-killing,1
jobless,1
joke,1
joker,1
jolt,1
judder,1
juddering,1
judders,1
jumpy,1
junk,1
junky,1
junkyard,1
jutter,1
jutters,1
kaput,1
kill,1
killed,1
killer,1
killing,1
killjoy,1
kills,1
knave,1
knife,1
knock,1
knotted,1
kook,1
kooky,1
lack,1
lackadaisical,1
lacked,1
lackey,1
lackeys,1
lacking,1
lackluster,1
lacks,1
laconic,1
lag,1
lagged,1
lagging,1
laggy,1
lags,1
laid-off,1
lambast,1
lambaste,1
lame,1
lame-duck,1
lament,1
lamentable,1
lamentably,1
languid,1
languish,1
languor,1
languorous,1
languorously,1
lanky,1
lapse,1
lapsed,1
lapses,1
lascivious,1
last-ditch,1
latency,1
laughable,1
laughably,1
laughingstock,1
lawbreaker,1
lawbreaking,1
lawless,1
lawlessness,1
layoff,1
layoff-happy,1
lazy,1
leak,1
leakage,1
leakages,1
leaking,1
leaks,1
leaky,1
lech,1
lecher,1
lecherous,1
lechery,1
leech,1
leer,1
leery,1
left-leaning,1
lemon,1
lengthy,1
less-developed,1
lesser-known,1
letch,1
lethal,1
lethargic,1
lethargy,1
lewd,1
lewdly,1
lewdness,1
liability,1
liable,1
liar,1
liars,1
licentious,1
licentiously,1
licentiousness,1
lie,1
lied,1
lier,1
lies,1
life-threatening,1
lifeless,1
limit,1
limitation,1
limitations,1
limited,1
limits,1
limp,1
listless,1
litigious,1
little-known,1
livid,1
lividly,1
loath,1
loathe,1
loathing,1
loathly,1
loathsome,1
loathsomely,1
lone,1
loneliness,1
lonely,1
loner,1
lonesome,1
long-time,1
long-winded,1
longing,1
longingly,1
loophole,1
loopholes,1
loose,1
loot,1
lorn,1
lose,1
loser,1
losers,1
loses,1
losing,1
loss,1
losses,1
lost,1
loud,1
louder,1
lousy,1
loveless,1
lovelorn,1
low-rated,1
lowly,1
ludicrous,1
ludicrously,1
lugubrious,1
lukewarm,1
lull,1
lumpy,1
lunatic,1
lunaticism,1
lurch,1
lure,1
lurid,1
lurk,1
lurking,1
lying,1
macabre,1
mad,1
madden,1
maddening,1
maddeningly,1
madder,1
madly,1
madman,1
madness,1
maladjusted,1
maladjustment,1
malady,1
malaise,1
malcontent,1
malcontented,1
maledict,1
malevolence,1
malevolent,1
malevolently,1
malice,1
malicious,1
maliciously,1
maliciousness,1
malign,1
malignant,1
malodorous,1
maltreatment,1
mangle,1
mangled,1
mangles,1
mangling,1
mania,1
maniac,1
maniacal,1
manic,1
manipulate,1
manipulation,1
manipulative,1
manipulators,1
mar,1
marginal,1
marginally,1
martyrdom,1
martyrdom-seeking,1
mashed,1
massacre,1
massacres,1
matte,1
mawkish,1
mawkishly,1
mawkishness,1
meager,1
meaningless,1
meanness,1
measly,1
meddle,1
meddlesome,1
mediocre,1
mediocrity,1
melancholy,1
melodramatic,1
melodramatically,1
meltdown,1
menace,1
menacing,1
menacingly,1
mendacious,1
mendacity,1
menial,1
merciless,1
mercilessly,1
mess,1
messed,1
messes,1
messing,1
messy,1
midget,1
miff,1
militancy,1
mindless,1
mindlessly,1
mirage,1
mire,1
misalign,1
misaligned,1
misaligns,1
misapprehend,1
misbecome,1
misbecoming,1
misbegotten,1
misbehave,1
misbehavior,1
miscalculate,1
miscalculation,1
miscellaneous,1
mischief,1
mischievous,1
mischievously,1
misconception,1
misconceptions,1
miscreant,1
miscreants,1
misdirection,1
miser,1
miserable,1
miserableness,1
miserably,1
miseries,1
miserly,1
misery,1
misfit,1
misfortune,1
misgiving,1
misgivings,1
misguidance,1
misguide,1
misguided,1
mishandle,1
mishap,1
misinform,1
misinformed,1
misinterpret,1
misjudge,1
misjudgment,1
mislead,1
misleading,1
misleadingly,1
mislike,1
mismanage,1
mispronounce,1
mispronounced,1
mispronounces,1
misread,1
misreading,1
misrepresent,1
misrepresentation,1
miss,1
missed,1
misses,1
misstatement,1
mist,1
mistake,1
mistaken,1
mistakenly,1
mistakes,1
mistified,1
mistress,1
mistrust,1
mistrustful,1
mistrustfully,1
mists,1
misunderstand,1
misunderstanding,1
misunderstandings,1
misunderstood,1
misuse,1
moan,1
mobster,1
mock,1
mocked,1
mockeries,1
mockery,1
mocking,1
mockingly,1
mocks,1
molest,1
molestation,1
monotonous,1
monotony,1
monster,1
monstrosities,1
monstrosity,1
monstrous,1
monstrously,1
moody,1
moot,1
mope,1
morbid,1
morbidly,1
mordant,1
mordantly,1
moribund,1
moron,1
moronic,1
morons,1
mortification,1
mortified,1
mortify,1
mortifying,1
motionless,1
motley,1
mourn,1
mourner,1
mournful,1
mournfully,1
muddle,1
muddy,1
mudslinger,1
mudslinging,1
mulish,1
multi-polarization,1
mundane,1
murder,1
murderer,1
murderous,1
murderously,1
murky,1
muscle-flexing,1
mushy,1
musty,1
mysterious,1
mysteriously,1
mystery,1
mystify,1
myth,1
nag,1
nagging,1
naive,1
naively,1
narrower,1
nastily,1
nastiness,1
nasty,1
naughty,1
nauseate,1
nauseates,1
nauseating,1
nauseatingly,1
naïve,1
nebulous,1
nebulously,1
needless,1
needlessly,1
needy,1
nefarious,1
nefariously,1
negate,1
negation,1
negative,1
negatives,1
negativity,1
neglect,1
neglected,1
negligence,1
negligent,1
nemesis,1
nepotism,1
nervous,1
nervously,1
nervousness,1
nettle,1
nettlesome,1
neurotic,1
neurotically,1
niggle,1
niggles,1
nightmare,1
nightmarish,1
nightmarishly,1
nitpick,1
nitpicking,1
noise,1
noises,1
noisier,1
noisy,1
non-confidence,1
nonexistent,1
nonresponsive,1
nonsense,1
nosey,1
notoriety,1
notorious,1
notoriously,1
noxious,1
nuisance,1
numb,1
obese,1
object,1
objection,1
objectionable,1
objections,1
oblique,1
obliterate,1
obliterated,1
oblivious,1
obnoxious,1
obnoxiously,1
obscene,1
obscenely,1
obscenity,1
obscure,1
obscured,1
obscures,1
obscurity,1
obsess,1
obsessive,1
obsessively,1
obsessiveness,1
obsolete,1
obstacle,1
obstinate,1
obstinately,1
obstruct,1
obstructed,1
obstructing,1
obstruction,1
obstructs,1
obtrusive,1
obtuse,1
occlude,1
occluded,1
occludes,1
occluding,1
odd,1
odder,1
oddest,1
oddities,1
oddity,1
oddly,1
odor,1
offence,1
offend,1
offender,1
offending,1
offenses,1
offensive,1
offensively,1
offensiveness,1
officious,1
ominous,1
ominously,1
omission,1
omit,1
one-sided,1
onerous,1
onerously,1
onslaught,1
opinionated,1
opponent,1
opportunistic,1
oppose,1
opposition,1
oppositions,1
oppress,1
oppression,1
oppressive,1
oppressively,1
oppressiveness,1
oppressors,1
ordeal,1
orphan,1
ostracize,1
outbreak,1
outburst,1
outbursts,1
outcast,1
outcry,1
outlaw,1
outmoded,1
outrage,1
outraged,1
outrageous,1
outrageously,1
outrageousness,1
outrages,1
outsider,1
over-acted,1
over-awe,1
over-balanced,1
over-hyped,1
over-priced,1
over-valuation,1
overact,1
overacted,1
overawe,1
overbalance,1
overbalanced,1
overbearing,1
overbearingly,1
overblown,1
overdo,1
overdone,1
overdue,1
overemphasize,1
overheat,1
overkill,1
overloaded,1
overlook,1
overpaid,1
overpayed,1
overplay,1
overpower,1
overpriced,1
overrated,1
overreach,1
overrun,1
overshadow,1
oversight,1
oversights,1
oversimplification,1
oversimplified,1
oversimplify,1
oversize,1
overstate,1
overstated,1
overstatement,1
overstatements,1
overstates,1
overtaxed,1
overthrow,1
overthrows,1
overturn,1
overweight,1
overwhelm,1
overwhelmed,1
overwhelming,1
overwhelmingly,1
overwhelms,1
overzealous,1
overzealously,1
overzelous,1
pain,1
painful,1
painfull,1
painfully,1
pains,1
pale,1
pales,1
paltry,1
pan,1
pandemonium,1
pander,1
pandering,1
panders,1
panic,1
panick,1
panicked,1
panicking,1
panicky,1
paradoxical,1
paradoxically,1
paralize,1
paralyzed,1
paranoia,1
paranoid,1
parasite,1
pariah,1
parody,1
partiality,1
partisan,1
partisans,1
passe,1
passive,1
passiveness,1
pathetic,1
pathetically,1
patronize,1
paucity,1
pauper,1
paupers,1
payback,1
peculiar,1
peculiarly,1
pedantic,1
peeled,1
peeve,1
peeved,1
peevish,1
peevishly,1
penalize,1
penalty,1
perfidious,1
perfidity,1
perfunctory,1
peril,1
perilous,1
perilously,1
perish,1
pernicious,1
perplex,1
perplexed,1
perplexing,1
perplexity,1
persecute,1
persecution,1
pertinacious,1
pertinaciously,1
pertinacity,1
perturb,1
perturbed,1
pervasive,1
perverse,1
perversely,1
perversion,1
perversity,1
pervert,1
perverted,1
perverts,1
pessimism,1
pessimistic,1
pessimistically,1
pest,1
pestilent,1
petrified,1
petrify,1
pettifog,1
petty,1
phobia,1
phobic,1
phony,1
picket,1
picketed,1
picketing,1
pickets,1
picky,1
pig,1
pigs,1
pillage,1
pillory,1
pimple,1
pinch,1
pique,1
pitiable,1
pitiful,1
pitifully,1
pitiless,1
pitilessly,1
pittance,1
pity,1
plagiarize,1
plague,1
plasticky,1
plaything,1
plea,1
pleas,1
plebeian,1
plight,1
plot,1
plotters,1
ploy,1
plunder,1
plunderer,1
pointless,1
pointlessly,1
poison,1
poisonous,1
poisonously,1
pokey,1
poky,1
polarisation,1
polemize,1
pollute,1
polluter,1
polluters,1
polution,1
pompous,1
poor,1
poorer,1
poorest,1
poorly,1
posturing,1
pout,1
poverty,1
powerless,1
prate,1
pratfall,1
prattle,1
precarious,1
precariously,1
precipitate,1
precipitous,1
predatory,1
predicament,1
prejudge,1
prejudice,1
prejudices,1
prejudicial,1
premeditated,1
preoccupy,1
preposterous,1
preposterously,1
presumptuous,1
presumptuously,1
pretence,1
pretend,1
pretense,1
pretentious,1
pretentiously,1
prevaricate,1
pricey,1
pricier,1
prick,1
prickle,1
prickles,1
prideful,1
prik,1
primitive,1
prison,1
prisoner,1
problem,1
problematic,1
problems,1
procrastinate,1
procrastinates,1
procrastination,1
profane,1
profanity,1
prohibit,1
prohibitive,1
prohibitively,1
propaganda,1
propagandize,1
proprietary,1
prosecute,1
protest,1
protested,1
protesting,1
protests,1
protracted,1
provocation,1
provocative,1
provoke,1
pry,1
pugnacious,1
pugnaciously,1
pugnacity,1
punch,1
punish,1
punishable,1
punitive,1
punk,1
puny,1
puppet,1
puppets,1
puzzled,1
puzzlement,1
puzzling,1
quack,1
qualm,1
qualms,1
quandary,1
quarrel,1
quarrellous,1
quarrellously,1
quarrels,1
quarrelsome,1
quash,1
queer,1
questionable,1
quibble,1
quibbles,1
quitter,1
rabid,1
racism,1
racist,1
racists,1
racy,1
radical,1
radicalization,1
radically,1
radicals,1
rage,1
ragged,1
raging,1
rail,1
raked,1
rampage,1
rampant,1
ramshackle,1
rancor,1
randomly,1
rankle,1
rant,1
ranted,1
ranting,1
rantingly,1
rants,1
rape,1
raped,1
raping,1
rascal,1
rascals,1
rash,1
rattle,1
rattled,1
rattles,1
ravage,1
raving,1
reactionary,1
rebellious,1
rebuff,1
rebuke,1
recalcitrant,1
recant,1
recession,1
recessionary,1
reckless,1
recklessly,1
recklessness,1
recoil,1
recourses,1
redundancy,1
redundant,1
refusal,1
refuse,1
refused,1
refuses,1
refusing,1
refutation,1
refute,1
refuted,1
refutes,1
refuting,1
regress,1
regression,1
regressive,1
regret,1
regreted,1
regretful,1
regretfully,1
regrets,1
regrettable,1
regrettably,1
regretted,1
reject,1
rejected,1
rejecting,1
rejection,1
rejects,1
relapse,1
relentless,1
relentlessly,1
relentlessness,1
reluctance,1
reluctant,1
reluctantly,1
remorse,1
remorseful,1
remorsefully,1
remorseless,1
remorselessly,1
remorselessness,1
renounce,1
renunciation,1
repel,1
repetitive,1
reprehensible,1
reprehensibly,1
reprehension,1
reprehensive,1
repress,1
repression,1
repressive,1
reprimand,1
reproach,1
reproachful,1
reprove,1
reprovingly,1
repudiate,1
repudiation,1
repugn,1
repugnance,1
repugnant,1
repugnantly,1
repulse,1
repulsed,1
repulsing,1
repulsive,1
repulsively,1
repulsiveness,1
resent,1
resentful,1
resentment,1
resignation,1
resigned,1
resistance,1
restless,1
restlessness,1
restrict,1
restricted,1
restriction,1
restrictive,1
resurgent,1
retaliate,1
retaliatory,1
retard,1
retarded,1
retardedness,1
retards,1
reticent,1
retract,1
retreat,1
retreated,1
revenge,1
revengeful,1
revengefully,1
revert,1
revile,1
reviled,1
revoke,1
revolt,1
revolting,1
revoltingly,1
revulsion,1
revulsive,1
rhapsodize,1
rhetoric,1
rhetorical,1
ricer,1
ridicule,1
ridicules,1
ridiculous,1
ridiculously,1
rife,1
rift,1
rifts,1
rigid,1
rigidity,1
rigidness,1
rile,1
riled,1
rip,1
rip-off,1
ripoff,1
ripped,1
risk,1
risks,1
risky,1
rival,1
rivalry,1
roadblocks,1
rocky,1
rogue,1
rollercoaster,1
rot,1
rotten,1
rough,1
rremediable,1
rubbish,1
rude,1
rue,1
ruffian,1
ruffle,1
ruin,1
ruined,1
ruining,1
ruinous,1
ruins,1
rumbling,1
rumor,1
rumors,1
rumours,1
rumple,1
run-down,1
runaway,1
rupture,1
rust,1
rusts,1
rusty,1
rut,1
ruthless,1
ruthlessly,1
ruthlessness,1
ruts,1
sabotage,1
sack,1
sacrificed,1
sad,1
sadden,1
sadly,1
sadness,1
sag,1
sagged,1
sagging,1
saggy,1
sags,1
salacious,1
sanctimonious,1
sap,1
sarcasm,1
sarcastic,1
sarcastically,1
sardonic,1
sardonically,1
sass,1
satirical,1
satirize,1
savage,1
savaged,1
savagery,1
savages,1
scaly,1
scam,1
scams,1
scandal,1
scandalize,1
scandalized,1
scandalous,1
scandalously,1
scandals,1
scandel,1
scandels,1
scant,1
scapegoat,1
scar,1
scarce,1
scarcely,1
scarcity,1
scare,1
scared,1
scarier,1
scariest,1
scarily,1
scarred,1
scars,1
scary,1
scathing,1
scathingly,1
sceptical,1
scoff,1
scoffingly,1
scold,1
scolded,1
scolding,1
scoldingly,1
scorching,1
scorchingly,1
scorn,1
scornful,1
scornfully,1
scoundrel,1
scourge,1
scowl,1
scramble,1
scrambled,1
scrambles,1
scrambling,1
scrap,1
scratch,1
scratched,1
scratches,1
scratchy,1
scream,1
screech,1
screw-up,1
screwed,1
screwed-up,1
screwy,1
scuff,1
scuffs,1
scum,1
scummy,1
second-class,1
second-tier,1
secretive,1
sedentary,1
seedy,1
seethe,1
seething,1
self-coup,1
self-criticism,1
self-defeating,1
self-destructive,1
self-humiliation,1
self-interest,1
self-interested,1
self-serving,1
selfinterested,1
selfish,1
selfishly,1
selfishness,1
semi-retarded,1
senile,1
sensationalize,1
senseless,1
senselessly,1
seriousness,1
sermonize,1
servitude,1
set-up,1
setback,1
setbacks,1
sever,1
severe,1
severity,1
sh*t,1
shabby,1
shadowy,1
shady,1
shake,1
shaky,1
shallow,1
sham,1
shambles,1
shame,1
shameful,1
shamefully,1
shamefulness,1
shameless,1
shamelessly,1
shamelessness,1
shark,1
sharply,1
shatter,1
shemale,1
shimmer,1
shimmy,1
shipwreck,1
shirk,1
shirker,1
shit,1
shiver,1
shock,1
shocked,1
shocking,1
shockingly,1
shoddy,1
short-lived,1
shortage,1
shortchange,1
shortcoming,1
shortcomings,1
shortness,1
shortsighted,1
shortsightedness,1
showdown,1
shrew,1
shriek,1
shrill,1
shrilly,1
shrivel,1
shroud,1
shrouded,1
shrug,1
shun,1
shunned,1
sick,1
sicken,1
sickening,1
sickeningly,1
sickly,1
sickness,1
sidetrack,1
sidetracked,1
siege,1
sillily,1
silly,1
simplistic,1
simplistically,1
sin,1
sinful,1
sinfully,1
sinister,1
sinisterly,1
sink,1
sinking,1
skeletons,1
skeptic,1
skeptical,1
skeptically,1
skepticism,1
sketchy,1
skimpy,1
skinny,1
skittish,1
skittishly,1
skulk,1
slack,1
slander,1
slanderer,1
slanderous,1
slanderously,1
slanders,1
slap,1
slashing,1
slaughter,1
slaughtered,1
slave,1
slaves,1
sleazy,1
slime,1
slog,1
slogged,1
slogging,1
slogs,1
sloooooooooooooow,1
sloooow,1
slooow,1
sloow,1
sloppily,1
sloppy,1
sloth,1
slothful,1
slow,1
slow-moving,1
slowed,1
slower,1
slowest,1
slowly,1
sloww,1
slowww,1
slowwww,1
slug,1
sluggish,1
slump,1
slumping,1
slumpping,1
slur,1
slut,1
sluts,1
sly,1
smack,1
smallish,1
smash,1
smear,1
smell,1
smelled,1
smelling,1
smells,1
smelly,1
smelt,1
smoke,1
smokescreen,1
smolder,1
smoldering,1
smother,1
smoulder,1
smouldering,1
smudge,1
smudged,1
smudges,1
smudging,1
smug,1
smugly,1
smut,1
smuttier,1
smuttiest,1
smutty,1
snag,1
snagged,1
snagging,1
snags,1
snappish,1
snappishly,1
snare,1
snarky,1
snarl,1
sneak,1
sneakily,1
sneaky,1
sneer,1
sneering,1
sneeringly,1
snob,1
snobbish,1
snobby,1
snobish,1
snobs,1
snub,1
so-cal,1
soapy,1
sob,1
sober,1
sobering,1
solemn,1
solicitude,1
somber,1
sore,1
sorely,1
soreness,1
sorrow,1
sorrowful,1
sorrowfully,1
sorry,1
sour,1
sourly,1
spade,1
spank,1
spendy,1
spew,1
spewed,1
spewing,1
spews,1
spilling,1
spinster,1
spiritless,1
spite,1
spiteful,1
spitefully,1
spitefulness,1
splatter,1
split,1
splitting,1
spoil,1
spoilage,1
spoilages,1
spoiled,1
spoilled,1
spoils,1
spook,1
spookier,1
spookiest,1
spookily,1
spooky,1
spoon-fed,1
spoon-feed,1
spoonfed,1
sporadic,1
spotty,1
spurious,1
spurn,1
sputter,1
squabble,1
squabbling,1
squander,1
squash,1
squeak,1
squeaks,1
squeaky,1
squeal,1
squealing,1
squeals,1
squirm,1
stab,1
stagnant,1
stagnate,1
stagnation,1
staid,1
stain,1
stains,1
stale,1
stalemate,1
stall,1
stalls,1
stammer,1
stampede,1
standstill,1
stark,1
starkly,1
startle,1
startling,1
startlingly,1
starvation,1
starve,1
static,1
steal,1
stealing,1
steals,1
steep,1
steeply,1
stench,1
stereotype,1
stereotypical,1
stereotypically,1
stern,1
stew,1
sticky,1
stiff,1
stiffness,1
stifle,1
stifling,1
stiflingly,1
stigma,1
stigmatize,1
sting,1
stinging,1
stingingly,1
stingy,1
stink,1
stinks,1
stodgy,1
stole,1
stolen,1
stooge,1
stooges,1
stormy,1
straggle,1
straggler,1
strain,1
strained,1
straining,1
strange,1
strangely,1
stranger,1
strangest,1
strangle,1
streaky,1
strenuous,1
stress,1
stresses,1
stressful,1
stressfully,1
stricken,1
strict,1
strictly,1
strident,1
stridently,1
strife,1
strike,1
stringent,1
stringently,1
struck,1
struggle,1
struggled,1
struggles,1
struggling,1
strut,1
stubborn,1
stubbornly,1
stubbornness,1
stuck,1
stuffy,1
stumble,1
stumbled,1
stumbles,1
stump,1
stumped,1
stumps,1
stun,1
stunt,1
stunted,1
stupid,1
stupidest,1
stupidity,1
stupidly,1
stupified,1
stupify,1
stupor,1
stutter,1
stuttered,1
stuttering,1
stutters,1
sty,1
stymied,1
sub-par,1
subdued,1
subjected,1
subjection,1
subjugate,1
subjugation,1
submissive,1
subordinate,1
subpoena,1
subpoenas,1
subservience,1
subservient,1
substandard,1
subtract,1
subversion,1
subversive,1
subversively,1
subvert,1
succumb,1
suck,1
sucked,1
sucker,1
sucks,1
sucky,1
sue,1
sued,1
sueing,1
sues,1
suffer,1
suffered,1
sufferer,1
sufferers,1
suffering,1
suffers,1
suffocate,1
sugar-coat,1
sugar-coated,1
sugarcoated,1
suicidal,1
suicide,1
sulk,1
sullen,1
sully,1
sunder,1
sunk,1
sunken,1
superficial,1
superficiality,1
superficially,1
superfluous,1
superstition,1
superstitious,1
suppress,1
suppression,1
surrender,1
susceptible,1
suspect,1
suspicion,1
suspicions,1
suspicious,1
suspiciously,1
swagger,1
swamped,1
sweaty,1
swelled,1
swelling,1
swindle,1
swipe,1
swollen,1
symptom,1
symptoms,1
syndrome,1
taboo,1
tacky,1
taint,1
tainted,1
tamper,1
tangle,1
tangled,1
tangles,1
tank,1
tanked,1
tanks,1
tantrum,1
tardy,1
tarnish,1
tarnished,1
tarnishes,1
tarnishing,1
tattered,1
taunt,1
taunting,1
tauntingly,1
taunts,1
taut,1
tawdry,1
taxing,1
tease,1
teasingly,1
tedious,1
tediously,1
temerity,1
temper,1
tempest,1
temptation,1
tenderness,1
tense,1
tension,1
tentative,1
tentatively,1
tenuous,1
tenuously,1
tepid,1
terrible,1
terribleness,1
terribly,1
terror,1
terror-genic,1
terrorism,1
terrorize,1
testily,1
testy,1
tetchily,1
tetchy,1
thankless,1
thicker,1
thirst,1
thorny,1
thoughtless,1
thoughtlessly,1
thoughtlessness,1
thrash,1
threat,1
threaten,1
threatening,1
threats,1
threesome,1
throb,1
throbbed,1
throbbing,1
throbs,1
throttle,1
thug,1
thumb-down,1
thumbs-down,1
thwart,1
time-consuming,1
timid,1
timidity,1
timidly,1
timidness,1
tin-y,1
tingled,1
tingling,1
tired,1
tiresome,1
tiring,1
tiringly,1
toil,1
toll,1
top-heavy,1
topple,1
torment,1
tormented,1
torrent,1
tortuous,1
torture,1
tortured,1
tortures,1
torturing,1
torturous,1
torturously,1
totalitarian,1
touchy,1
toughness,1
tout,1
touted,1
touts,1
toxic,1
traduce,1
tragedy,1
tragic,1
tragically,1
traitor,1
traitorous,1
traitorously,1
tramp,1
trample,1
transgress,1
transgression,1
trap,1
traped,1
trapped,1
trash,1
trashed,1
trashy,1
trauma,1
traumatic,1
traumatically,1
traumatize,1
traumatized,1
travesties,1
travesty,1
treacherous,1
treacherously,1
treachery,1
treason,1
treasonous,1
trick,1
tricked,1
trickery,1
tricky,1
trivial,1
trivialize,1
trouble,1
troubled,1
troublemaker,1
troubles,1
troublesome,1
troublesomely,1
troubling,1
troublingly,1
truant,1
tumble,1
tumbled,1
tumbles,1
tumultuous,1
turbulent,1
turmoil,1
twist,1
twisted,1
twists,1
two-faced,1
two-faces,1
tyrannical,1
tyrannically,1
tyranny,1
tyrant,1
ugh,1
uglier,1
ugliest,1
ugliness,1
ugly,1
ulterior,1
ultimatum,1
ultimatums,1
ultra-hardline,1
un-viewable,1
unable,1
unacceptable,1
unacceptablely,1
unacceptably,1
unaccessible,1
unaccustomed,1
unachievable,1
unaffordable,1
unappealing,1
unattractive,1
unauthentic,1
unavailable,1
unavoidably,1
unbearable,1
unbearablely,1
unbelievable,1
unbelievably,1
uncaring,1
uncertain,1
uncivil,1
uncivilized,1
unclean,1
unclear,1
uncollectible,1
uncomfortable,1
uncomfortably,1
uncomfy,1
uncompetitive,1
uncompromising,1
uncompromisingly,1
unconfirmed,1
unconstitutional,1
uncontrolled,1
unconvincing,1
unconvincingly,1
uncooperative,1
uncouth,1
uncreative,1
undecided,1
undefined,1
undependability,1
undependable,1
undercut,1
undercuts,1
undercutting,1
underdog,1
underestimate,1
underlings,1
undermine,1
undermined,1
undermines,1
undermining,1
underpaid,1
underpowered,1
undersized,1
undesirable,1
undetermined,1
undid,1
undignified,1
undissolved,1
undocumented,1
undone,1
undue,1
unease,1
uneasily,1
uneasiness,1
uneasy,1
uneconomical,1
unemployed,1
unequal,1
unethical,1
uneven,1
uneventful,1
unexpected,1
unexpectedly,1
unexplained,1
unfairly,1
unfaithful,1
unfaithfully,1
unfamiliar,1
unfavorable,1
unfeeling,1
unfinished,1
unfit,1
unforeseen,1
unforgiving,1
unfortunate,1
unfortunately,1
unfounded,1
unfriendly,1
unfulfilled,1
unfunded,1
ungovernable,1
ungrateful,1
unhappily,1
unhappiness,1
unhappy,1
unhealthy,1
unhelpful,1
unilateralism,1
unimaginable,1
unimaginably,1
unimportant,1
uninformed,1
uninsured,1
unintelligible,1
unintelligile,1
unipolar,1
unjust,1
unjustifiable,1
unjustifiably,1
unjustified,1
unjustly,1
unkind,1
unkindly,1
unknown,1
unlamentable,1
unlamentably,1
unlawful,1
unlawfully,1
unlawfulness,1
unleash,1
unlicensed,1
unlikely,1
unlucky,1
unmoved,1
unnatural,1
unnaturally,1
unnecessary,1
unneeded,1
unnerve,1
unnerved,1
unnerving,1
unnervingly,1
unnoticed,1
unobserved,1
unorthodox,1
unorthodoxy,1
unpleasant,1
unpleasantries,1
unpopular,1
unpredictable,1
unprepared,1
unproductive,1
unprofitable,1
unprove,1
unproved,1
unproven,1
unproves,1
unproving,1
unqualified,1
unravel,1
unraveled,1
unreachable,1
unreadable,1
unrealistic,1
unreasonable,1
unreasonably,1
unrelenting,1
unrelentingly,1
unreliability,1
unreliable,1
unresolved,1
unresponsive,1
unrest,1
unruly,1
unsafe,1
unsatisfactory,1
unsavory,1
unscrupulous,1
unscrupulously,1
unsecure,1
unseemly,1
unsettle,1
unsettled,1
unsettling,1
unsettlingly,1
unskilled,1
unsophisticated,1
unsound,1
unspeakable,1
unspeakablely,1
unspecified,1
unstable,1
unsteadily,1
unsteadiness,1
unsteady,1
unsuccessful,1
unsuccessfully,1
unsupported,1
unsupportive,1
unsure,1
unsuspecting,1
unsustainable,1
untenable,1
untested,1
unthinkable,1
unthinkably,1
untimely,1
untouched,1
untrue,1
untrustworthy,1
untruthful,1
unusable,1
unusably,1
unuseable,1
unuseably,1
unusual,1
unusually,1
unviewable,1
unwanted,1
unwarranted,1
unwatchable,1
unwelcome,1
unwell,1
unwieldy,1
unwilling,1
unwillingly,1
unwillingness,1
unwise,1
unwisely,1
unworkable,1
unworthy,1
unyielding,1
upbraid,1
upheaval,1
uprising,1
uproar,1
uproarious,1
uproariously,1
uproarous,1
uproarously,1
uproot,1
upset,1
upseting,1
upsets,1
upsetting,1
upsettingly,1
urgent,1
useless,1
usurp,1
usurper,1
utterly,1
vagrant,1
vague,1
vagueness,1
vain,1
vainly,1
vanity,1
vehement,1
vehemently,1
vengeance,1
vengeful,1
vengefully,1
vengefulness,1
venom,1
venomous,1
venomously,1
vent,1
vestiges,1
vex,1
vexation,1
vexing,1
vexingly,1
vibrate,1
vibrated,1
vibrates,1
vibrating,1
vibration,1
vice,1
vicious,1
viciously,1
viciousness,1
victimize,1
vile,1
vileness,1
vilify,1
villainous,1
villainously,1
villains,1
villian,1
villianous,1
villianously,1
villify,1
vindictive,1
vindictively,1
vindictiveness,1
violate,1
violation,1
violator,1
violators,1
violent,1
violently,1
viper,1
virulence,1
virulent,1
virulently,1
virus,1
vociferous,1
vociferously,1
volatile,1
volatility,1
vomit,1
vomited,1
vomiting,1
vomits,1
vulgar,1
vulnerable,1
wack,1
wail,1
wallow,1
wane,1
waning,1
wanton,1
war-like,1
warily,1
wariness,1
warlike,1
warned,1
warning,1
warp,1
warped,1
wary,1
washed-out,1
waste,1
wasted,1
wasteful,1
wastefulness,1
wasting,1
water-down,1
watered-down,1
wayward,1
weak,1
weaken,1
weakening,1
weaker,1
weakness,1
weaknesses,1
weariness,1
wearisome,1
weary,1
wedge,1
weed,1
weep,1
weird,1
weirdly,1
wheedle,1
whimper,1
whine,1
whining,1
whiny,1
whips,1
whore,1
whores,1
wicked,1
wickedly,1
wickedness,1
wild,1
wildly,1
wiles,1
wilt,1
wily,1
wimpy,1
wince,1
wobble,1
wobbled,1
wobbles,1
woe,1
woebegone,1
woeful,1
woefully,1
womanizer,1
womanizing,1
worn,1
worried,1
worriedly,1
worrier,1
worries,1
worrisome,1
worry,1
worrying,1
worryingly,1
worse,1
worsen,1
worsening,1
worst,1
worthless,1
worthlessly,1
worthlessness,1
wound,1
wounds,1
wrangle,1
wrath,1
wreak,1
wreaked,1
wreaks,1
wreck,1
wrest,1
wrestle,1
wretch,1
wretched,1
wretchedly,1
wretchedness,1
wrinkle,1
wrinkled,1
wrinkles,1
wrip,1
wripped,1
wripping,1
writhe,1
wrong,1
wrongful,1
wrongly,1
wrought,1
yawn,1
zap,1
zapped,1
zaps,1
zealot,1
zealous,1
zealously,1
zombie,1
,
,
,
,
,
,
,
,
,
,
,
,
